,ID,Usuario,Fecha_tweet,Texto,Latitud,Longitud,Sentimiento,Idioma
1462,1.02105e+18,pdeportiva,2018-07-22T15:11:44.000Z,"@RafaSotoGil @BoxAzteca7 Hola Rafa, buenos d√≠as, ¬øpodr√°s enviarme, si tienes, m√°s fotos de la pelea de Yamaguchi Falcao y El√≠as Espadas, por favor?",20.941035,-89.623611,positivo,Espa√±ol
1673,1.02095e+18,Fuckowsky,2018-07-22T08:26:22.000Z,"¬øCuantas botellas de cerveza, vino, whisky, principalmente cerveza tomaste
esperando que las cosas mejorar√°n
o cuando te peleabas con una mujer...? --Hank #fb",20.941035,-89.623611,positivo,Espa√±ol
3982,1.0205e+18,venadosfc,2018-07-21T02:32:52.000Z,"‚è∞ 31‚Äô üÜö @TMFOficial

¬°@vic_lojero las pelea todas! Presiona a @WiwasAlvarado, quien no tiene m√°s opci√≥n que reventar el bal√≥n.

#PrimeroSoyVenado üî∞",20.941035,-89.623611,neutro,Espa√±ol
5232,1.02031e+18,Fervampirou,2018-07-20T14:30:14.000Z,@andrea_mmcc Yo lo s√©. Fue pelea de egos de los adscritos pero ponerlo por escrito en el expediente es el pedo jaja,20.941035,-89.623611,positivo,Espa√±ol
5770,1.02015e+18,euniverdugop,2018-07-20T03:52:02.000Z,Siento que cuando peleo con mi novio estoy peleando con un ni√±o. üò§,20.941035,-89.623611,negativo,Espa√±ol
6219,1.0201e+18,karinandreavt,2018-07-20T00:07:26.000Z,‚ÄúQu√©date con quien te de menos hueva pelearte‚Äù. - SNDR,20.941035,-89.623611,negativo,Espa√±ol
6221,1.0201e+18,karinandreavt,2018-07-20T00:06:41.000Z,Qu√©date con quien te de menos hueva pelearte.,20.941035,-89.623611,negativo,Espa√±ol
6276,1.02009e+18,Suncho_PerezG,2018-07-19T23:42:29.000Z,"24 horas sin pelear con ella, puedo sobrevivir m√°s horas üò™",20.941035,-89.623611,negativo,Espa√±ol
7049,1.01998e+18,JobanySauri,2018-07-19T16:00:52.000Z,No forma de ser heterosexual viendo pelear a naruto y a sasuke de ese modo verda de Dios,21.28544,-89.122431,negativo,Espa√±ol
9396,1.01947e+18,marciano_rejon,2018-07-18T06:19:38.000Z,@envidiadetodos @epigmenioibarra @leongato @jaca6311 @sangrederebelde @pinara1 @canallasforever @MexDesp @saos50 @sophie_sant @hekglez @Paul_Pellon @ManuMrl @PViborel @alynmon @DoceDeagosto12 Pelear un derecho social no es cosa f√°cil... Los servidores pÔøΩ,20.915111,-89.531494,neutro,Indeterminado
9532,1.01944e+18,JonathanHMR,2018-07-18T04:50:44.000Z,La pelea de jack jack en los increibles 2 le da una soberana putiza a toda la pel√≠cula de hotel transilvania 3,20.941035,-89.623611,positivo,Espa√±ol
10432,1.01933e+18,jameslover2312,2018-07-17T21:00:51.000Z,"Mis padres se pelean para ver quien me cuida peda, ni que me pusiera peda tan r√°pido qp xd",20.712167,-89.3513515,negativo,Espa√±ol
11475,1.01909e+18,RenyCan,2018-07-17T05:27:43.000Z,"Extra√±o verte, platicar contigo, criticar personas, pelear, alburear, pelear y tragar juntos.",21.073485,-89.501908,negativo,Espa√±ol
12370,1.01895e+18,maumoreno,2018-07-16T20:23:40.000Z,@danielkuri Deja de pelear!!!,20.941035,-89.623611,negativo,Espa√±ol
12821,1.01888e+18,juanes2420,2018-07-16T15:37:48.000Z,No quiero pasar de complicaciones a peleas campales...dominame m√°s @Leydi_estherr,20.941035,-89.623611,negativo,Espa√±ol
13655,1.01869e+18,Raulponcec,2018-07-16T02:58:45.000Z,"Me encanta instagram los Domingos, es como una pelea de historias a ver quien se la paso m√°s chingon üòÇ",20.941035,-89.623611,positivo,Espa√±ol
14217,1.01862e+18,mikefarjat,2018-07-15T21:58:07.000Z,"Despu√©s de que nos cancelaran en Santa Fe y pelear el reembolso, por fin a ver Ant Man. (@ Cin√©polis Las Am√©ricas - @cinepolis for Ant-Man and the Wasp in M√©rida, Yuc., YUC) https://t.co/Nb1JooIVHI",20.99211408,-89.64918852,positivo,Espa√±ol
15318,1.0184e+18,iPerryAguayo,2018-07-15T07:53:15.000Z,"Cuando peleas con tu pap√° y te dice ""bye"" pero est√°n en la misma casa,solo los separa una pared JAJAJA https://t.co/kwaKhZ5w5l",20.941035,-89.623611,positivo,Espa√±ol
15973,1.01828e+18,chucknurris23,2018-07-14T23:57:24.000Z,Peleando  contra la influenza que decidi√≥ atacar a mi hija de 2 a√±os as√≠ va el fin de semana,21.22812,-89.6748995,negativo,Espa√±ol
16055,1.01827e+18,cachiivelueta,2018-07-14T23:16:20.000Z,Si pendejo pierdete para que me lo cobren . ( yo peleando intensamente con el del uber ),20.941035,-89.623611,negativo,Espa√±ol
17045,1.01805e+18,AnaPaoGarza,2018-07-14T08:25:19.000Z,"@Erickcruz505 Jajajajaja aqu√≠ todos peleando quien sab√≠a m√°s y terminamos googleando, bendita tecnolog√≠a jajajaja",21.22812,-89.6748995,positivo,Espa√±ol
17056,1.01804e+18,lawtorrese,2018-07-14T08:03:36.000Z,Tengo ganas de entrar y abrazarte pero no te lo mereces perro #peleascontumejoramigo,20.941035,-89.623611,positivo,Espa√±ol
18357,1.01778e+18,cesarwizard,2018-07-13T14:55:53.000Z,"@Atehortua_MJ @catalinapordios @VolcanicaN Jejeje ya es buscar fama y pelea donde no existe, pens√© q dec√≠a algo sobre q las mujeres con su equipo al mundial, pero no mixtas",20.941035,-89.623611,neutro,Espa√±ol
18633,1.01767e+18,DjChetos_Beats,2018-07-13T07:39:24.000Z,@Bibita89 Con qui√©n peleas,20.941035,-89.623611,neutro,Espa√±ol
19983,1.01747e+18,moon_miranda,2018-07-12T18:10:01.000Z,Esta tienda la voy a pelear con u√±as y dientes.,20.941035,-89.623611,positivo,Espa√±ol
20940,1.01725e+18,monsTROZO,2018-07-12T03:13:23.000Z,Como cuando ya no tienes con quien pelear y sacas tu enojo con una ni√±a que estorba en el gimnasio y reportas publicaciones en FB.,20.941035,-89.623611,negativo,Espa√±ol
21034,1.01723e+18,PaulaFuchok,2018-07-12T02:24:01.000Z,"Te vas moviendo y cambias de color, marqu√© tu nombre en la corteza de mi ser, peleando con demonios otra vez. Siempre me atacan cuando m√°s cansado estoy.",20.941035,-89.623611,positivo,Espa√±ol
22126,1.01708e+18,Fabo_DOX,2018-07-11T16:23:22.000Z,"@_ocana_ @trollhunters Las referencias al cine de los 80s, las escenas de pelea, la animaci√≥n, los cambios en la historia, los di√°logos, la pondr√≠a en la conversaci√≥n de mi caricatura/animaci√≥n favorita pero Blinky nunca ser√° el t√≠o Iroh",20.941035,-89.623611,positivo,Espa√±ol
24790,1.01651e+18,DaveLizama,2018-07-10T02:37:09.000Z,"Cuando tu novia se est√° peleando con su mam√° y la escuchas decir: ""Pues f√≠jate que me voy de la casa y mi novio me va a mantener"" @lissiequenn https://t.co/fmvYHwoqu4",20.941035,-89.623611,positivo,Espa√±ol
24883,1.0165e+18,thom_hv,2018-07-10T01:36:58.000Z,"La teor√≠a de Pep de los mundiales:
En 2010 dirig√≠a al Bar√ßa y Espa√±a gan√≥ el mundial
En 2014 dirig√≠a al Bayern y Alemania gan√≥ el mundial
En 2018 dirige al City e Inglaterra anda peleando
Para 2022 lo convencemos de dirigir al equipo de sus amores, los Dorados de Culiac√°n y pum!",21.16678,-89.5186955,neutro,Espa√±ol
27153,1.0161e+18,JuanGaaoficial,2018-07-08T23:30:47.000Z,Uno ya no puede pelear tranquilamente en Telcel.,20.941035,-89.623611,negativo,Espa√±ol
27457,1.01606e+18,dexter_mm,2018-07-08T20:43:03.000Z,@Beatleasis ¬øY ahora que peleas?,20.941035,-89.623611,neutro,Espa√±ol
27685,1.01602e+18,joyce_krystel,2018-07-08T18:10:13.000Z,"Mis abuelitos se pelean a cada rato jaja, los amooooooooo ‚ù§Ô∏è",21.22812,-89.6748995,positivo,Espa√±ol
28201,1.01586e+18,A_belino,2018-07-08T07:41:44.000Z,#EresChavoRucoCuando te peleas el centro de mesa en la graduaci√≥n de tu hermanita. https://t.co/1WV9rqjqsW,20.941035,-89.623611,positivo,Espa√±ol
30947,1.01537e+18,iPerryAguayo,2018-07-06T22:52:03.000Z,"La neta que hueva pelearme contigo,amiko.",20.941035,-89.623611,negativo,Espa√±ol
33101,1.01501e+18,luisfbasta2,2018-07-05T23:06:24.000Z,@DeniseDresserG @realDonaldTrump Es pol√≠tica querida! Un buen pol√≠tico no se pelea con nadie!,20.941035,-89.623611,neutro,Espa√±ol
33505,1.01496e+18,Victorvilu1,2018-07-05T19:55:36.000Z,"@Robgonzalez1 @lhan55 @lopezobrador_ @lajornadaonline No quieren pelear con el nuevo PRECISO, el miedo no anda en burro",20.941035,-89.623611,negativo,Espa√±ol
34335,1.01476e+18,DnthsManz,2018-07-05T06:36:05.000Z,"Cosas que no vale la pena pensar, que no vale pelear :)",20.941035,-89.623611,negativo,Espa√±ol
35023,1.01466e+18,HibertLara,2018-07-05T00:03:32.000Z,"Yo pens√© que ya iban a ser todos amigos en twitter despu√©s del mundial y las elecciones, pero veo que ahora se pelean los ""bandos"" de la sociedad por el nuevo presidente. A ver que nos depara el resto del a√±o https://t.co/VLwycGswnB",20.941035,-89.623611,positivo,Espa√±ol
37693,1.01419e+18,MafeGual,2018-07-03T16:45:52.000Z,"Sean tolerantes y dejen ser a los dem√°s,si te gusta el PAN,PRI o Morena alguna raz√≥n tendr√°,dejen de estarse peleando, me dan mucha flojera",20.941035,-89.623611,negativo,Espa√±ol
38133,1.01411e+18,charlysandoval,2018-07-03T11:21:19.000Z,"Nunca me a gustado hacer le√±a del √°rbol ca√≠do, mi padre me ense√±√≥ q en la pelea si el otro cae no se le sigue pegando, hoy a mis amigos q est√°n tristes por q su candidato o partido no gan√≥ les digo, vamos a trabajar como siempre, al pa√≠s le tiene q ir mejor, por el bien de todos.",20.941035,-89.623611,negativo,Espa√±ol
39728,1.01382e+18,bereto,2018-07-02T16:27:18.000Z,Nos fuimos peleando,20.941035,-89.623611,negativo,Portugu√©s
40339,1.01379e+18,EnamoradosConLu,2018-07-02T14:16:44.000Z,Soy puro mexicano por eso estoy dispuesta si M√©xico lo tiene que tenga que pelear... Mi vida se la ofrezco acabo √©l me la ha dado y como buen soldado yo se la quiero dar.... #VamosConTodo Viva M√©xico üá≤üáΩ‚öΩ imaginemonos cosas chingonas carajo! üòé #Mundial2018 #MexicoVsBrasil https://t.co/27m5g13oTE,21.0718315,-90.0317245,positivo,Espa√±ol
40367,1.01379e+18,carofelro,2018-07-02T14:10:01.000Z,"Yo tengo mis ideolog√≠as pol√≠ticas, yo se quien quer√≠a que fuera presidente pero pues , ya c√°llense no? No se est√©n peleando por un bato que ni sabe que existes, ni qu√© votaste por √©l, ya gan√≥, ya c√°llate , que hables no cambia nada.",20.941035,-89.623611,negativo,Espa√±ol
40368,1.01379e+18,carofelro,2018-07-02T14:09:11.000Z,"Yo tengo mis ideolog√≠as pol√≠ticas, yo se quien quer√≠a que fuera presidente pero pues , ya c√°llense no? No se est√©n peleando por un bato que ni sabe que existes, ni qu√© votaste por √©l, ya gan√≥, ya c√°llate que hables no cambia nada.",20.941035,-89.623611,negativo,Espa√±ol
40795,1.01368e+18,DMarentes_001,2018-07-02T06:59:36.000Z,Siento q pelearse por comentarios d face es como d alto rendimiento para los papas o los mayores en general jajajaja,20.941035,-89.623611,positivo,Espa√±ol
41959,1.01359e+18,PintoReynaldo,2018-07-02T01:20:12.000Z,Toda esa gente que pelea por un voto üó≥ como si les fueran a pagar durante toda la administraci√≥n del partido! Ignorantes ! https://t.co/COMwDcYDfJ,20.915111,-89.531494,negativo,Espa√±ol
42060,1.01359e+18,maikicruz,2018-07-02T00:53:46.000Z,"@ladecdvictoria Si yo nomas digo lo que veo con Loret,  y Yucatan esta peleado pero creo se lo lleva Vila",20.941035,-89.623611,neutro,Espa√±ol
42172,1.01357e+18,fernanditazen,2018-07-02T00:06:10.000Z,"Mas que enojo...me da tristeza el tipo de cultura y educaci√≥n que existe, todos peleando,incendiando,gritando,robando,matando.. Saben que me da mas tristeza? Que a partir de ma√±ana posiblemente, sea el M√©xico que ver√© todos los dias.
Eso si es realmente triste.",20.941035,-89.623611,negativo,Espa√±ol
42381,1.01355e+18,gsrdzl,2018-07-01T22:20:57.000Z,"@Alpixels Hay mucha desinformaci√≥n, de hecho. Donde vot√©, que era casilla especial, gente local que le tocaba votar en casillas b√°sicas aleda√±as se estaban peleando para que los dejaran votar ah√≠ y ya quer√≠an madrear al presidente porque se los negÔøΩ",20.941035,-89.623611,neutro,Espa√±ol
43334,1.01345e+18,juan23baut,2018-07-01T16:09:24.000Z,Con tan poco Rusia le ha dado pelea a Espa√±a,20.915111,-89.531494,neutro,Espa√±ol
45394,1.0131e+18,Dra_Derpina,2018-06-30T16:49:26.000Z,"Viendo al Pato Donald peleando con 2 tiburones y un gorila, veo que ser neur√≥tico tiene sus ventajas. https://t.co/7HJDxIpMwl",20.941035,-89.623611,positivo,Espa√±ol
45769,1.01307e+18,braulio_2006,2018-06-30T14:32:53.000Z,@DalasReview @Srcheeto Dalas quiere pelea con todos...,20.941035,-89.623611,neutro,Espa√±ol
46279,1.01292e+18,karybr23,2018-06-30T04:27:57.000Z,@MeLlamo__Ama Nos podemos pelear si quieres ü§ó,20.941035,-89.623611,positivo,Espa√±ol
46619,1.01287e+18,alicia_mtzyuc,2018-06-30T01:22:33.000Z,En esta campa√±a aprend√≠ a tomarle cari√±o e inter√©s al Instagram. Estaba peleada con esa red social. Intentar√© de nuevo.,20.941035,-89.623611,positivo,Espa√±ol
47316,1.01277e+18,arturo2176,2018-06-29T18:38:48.000Z,"Qu√© les pasa a los que se pelean a muerte, discuten, y hasta se bloquean por pol√≠tica o f√∫tbol y de lo toman tan personal?? Es decir, est√° bien debatir, decir tus puntos, o recalcar tus desacuerdos, pero ya esa payasada de que se dejan de hablar es una ridiculez...",21.22812,-89.6748995,negativo,Espa√±ol
48920,1.01249e+18,gaboguion,2018-06-29T00:24:45.000Z,Desde el norte de M√©rida hacia el oriente en pleno el arco√≠ris üåà. Se escuchan üå©.  El polvo del Sahara ac√° en pleno peleando con la lluvia ‚òîÔ∏è @ClimaYucatan @ChaacTlaloc @conaguayucatan @conagua_clima https://t.co/MujCYy7oFN,20.941035,-89.623611,neutro,Espa√±ol
48921,1.01249e+18,gaboguion,2018-06-29T00:23:35.000Z,Desde el norte de M√©rida hacia el oriente en pleno el arco√≠ris üåà. Se escuchan üå©.  El polvo del Sahara ac√° en pleno peleando con la lluvia ‚òîÔ∏è https://t.co/GtAQ7f9nc9,20.941035,-89.623611,neutro,Espa√±ol
49806,1.01236e+18,jesuso9,2018-06-28T15:49:12.000Z,S√© que lo estoy publicando como 20 a√±os tarde pero el club de la pelea es una gran pel√≠cula y el final me gust√≥ a√∫n m√°s.  Estoy como esos se√±ores que descubren Facebook. Jaja,20.941035,-89.623611,positivo,Espa√±ol
51287,1.0121e+18,GSinain,2018-06-27T22:34:36.000Z,"Octavos de final üáßüá∑ vs üá≤üáΩ 

@LuceroMexico  Soy puro mexicano por eso estoy dispuesta si M√©xico lo tiene que tenga que pelear... Mi vida se la ofrezco acabo √©l me la ha dado y como buen soldado yo se la quiero dar.... #VamosConTodo Viva M√©xico üá≤üáΩ‚öΩ https://t.co/lVlmBcwqyH",20.941035,-89.623611,positivo,Espa√±ol
52913,1.01197e+18,Aditss19,2018-06-27T14:09:39.000Z,¬°Vamos M√©xico! Hoy toca defender la cancha como si fueras un #TRex peleando con un Carnotauro,20.941035,-89.623611,positivo,Espa√±ol
53011,1.01197e+18,Yogui68,2018-06-27T13:44:05.000Z,"@galvanochoa No pelear, sobre todo con los que est√°n cerca. Ser tolerantes y practicar la democracia en peque√±os grupos. Mucho respeto.",20.941035,-89.623611,negativo,Espa√±ol
55120,1.01165e+18,tefapalomino,2018-06-26T16:58:31.000Z,Se pelean mis primas y t√≠as y me meten en la pelea https://t.co/kWNs1dbfvj,20.941035,-89.623611,negativo,Espa√±ol
55423,1.0116e+18,pilar_mQ92,2018-06-26T13:28:35.000Z,"A veces peleamos, a veces te celo, a veces nos enojamos, pero eso no cambia el hecho de que cada d√≠a que pasa te quiero m√°s.",20.941035,-89.623611,positivo,Espa√±ol
59456,1.0108e+18,iPerryAguayo,2018-06-24T08:18:39.000Z,Llevo mucho tiempo peleando sola.,20.941035,-89.623611,negativo,Espa√±ol
59464,1.0108e+18,iPerryAguayo,2018-06-24T08:11:06.000Z,"Ustedes p√≥nganse a pelear,me da igual,aqu√≠ la que realmente ha estado sola soy yo,la que siempre est√° en medio soy yo.",20.941035,-89.623611,negativo,Espa√±ol
59750,1.01074e+18,JakyFuentes,2018-06-24T04:09:16.000Z,@BoxAzteca7 A qu√© hora transmiten la pelea?,20.941035,-89.623611,neutro,Catal√°n
59777,1.01073e+18,JakyFuentes,2018-06-24T03:52:51.000Z,@elzarcaguilar a que hr transmiten la pelea de @AlacranBerchelt ??,20.941035,-89.623611,neutro,Catal√°n
60061,1.0107e+18,dan890311,2018-06-24T01:39:02.000Z,"Yin &amp; Yang, la pelea eterna entre el bien y el mal. ¬øQui√©n ganar√°? #cats en M√©rida, Yucatan https://t.co/ztVYqAvzok",20.9667,-89.6167,neutro,Espa√±ol
61068,1.01057e+18,RafaelBaeza4,2018-06-23T17:11:53.000Z,No entiendo el motivo de las peleas post fiesta. #FelizSabado,20.941035,-89.623611,positivo,Espa√±ol
61759,1.01053e+18,GSinain,2018-06-23T14:31:32.000Z,Soy puro mexicano por eso estoy dispuesta si M√©xico lo tiene que tenga que pelear... Mi vida se la ofrezco acabo el me la ha dado y como buen soldado yo se la quiero dar.... #VamosConTodo #MEX #MexicoVsCorea @LuceroMexico Viva M√©xico üá≤üáΩ‚öΩüí™üèª https://t.co/qZCpp4MNNu,21.0718315,-90.0317245,positivo,Espa√±ol
61761,1.01053e+18,GSinain,2018-06-23T14:30:09.000Z,Soy puro mexicano por eso estoy dispuesta si M√©xico lo tiene que tenga que pelear... Mi vida se la ofrezco acabo √©l me la ha dado y como bueno soldado yo se la quiero dar.... #VamosConTodo #MEX #MexicoVsCorea @LuceroMexico Viva M√©xico üá≤üáΩ‚öΩüí™üèª https://t.co/lC1Yc6QrRy,21.0718315,-90.0317245,positivo,Espa√±ol
61765,1.01053e+18,GSinain,2018-06-23T14:28:26.000Z,Soy puro mexicano por eso estoy dispuesta si M√©xico lo tiene que tenga que pelear... Mi vida se la ofrezco acabo √©l me la ha dado y como bueno soldado yo se la quiero dar.... #VamosConTodo #MEX #MexicoVsCorea @LuceroMexico Viva M√©xico üá≤üáΩ‚öΩüí™üèª https://t.co/TXHoGeqYh4,21.0718315,-90.0317245,positivo,Espa√±ol
61775,1.01053e+18,GSinain,2018-06-23T14:23:54.000Z,Soy puro mexicano por eso estoy dispuesta si M√©xico lo tiene que tenga que pelear... Mi vida se la ofrezco acabo √©l me la ha dado y como bueno soldado yo se la quiero dar.... #VamosConTodo #MEX #MexicoVsCorea @LuceroMexico Viva M√©xico üá≤üáΩ‚öΩüí™üèª https://t.co/uFZUavrvnD,21.0718315,-90.0317245,positivo,Espa√±ol
62593,1.01032e+18,Nabysrb,2018-06-23T00:29:21.000Z,Mexicanos compartiendo el video de los argentinos peleando con otros...weeiii netaaaa?! Pero no hay problema que los mexicanos carguen a una tipa y le est√©n cantando groser√≠as verdad?? C√°llense la boca! Los mexicanos son los m√°s mal portados de la vida... por favor! ü§´ü§´ü§´,20.941035,-89.623611,positivo,Espa√±ol
64382,1.00998e+18,azukar04,2018-06-22T02:09:31.000Z,Oigan... Si van a venir a la #SerieDelRey a pelearse con el novio...mejor no vengan #QuePincheNecesidad #VivaLaTradici√≥n üòÇ,20.941035,-89.623611,positivo,Espa√±ol
65209,1.00989e+18,Sam_Lr7,2018-06-21T19:49:35.000Z,"Este √∫ltimo gol es la imagen clara de la selecci√≥n Argentina, de quedan todos parados esperando que el juez de l√≠nea pite fuera de juego. Tienes que pelear todas las pelotas como si fuese la √∫ltima, carajo!!!!!!",20.941035,-89.623611,positivo,Espa√±ol
67775,1.00946e+18,MigueelOP,2018-06-20T15:45:39.000Z,√ìrele a dar pelea https://t.co/HbFB1LzVrj,20.941035,-89.623611,neutro,Rumano
67954,1.00943e+18,fernandonoss,2018-06-20T13:31:52.000Z,Todos los avengers se quedan pendejos con la pelea de Jack Jack y el mapache.,20.941035,-89.623611,neutro,Espa√±ol
68647,1.00925e+18,LeslieRamirezM,2018-06-20T02:00:30.000Z,@Saiden_FCB ¬øCon qui√©n te peleas?,20.941035,-89.623611,neutro,Espa√±ol
68941,1.0092e+18,Deyvidhdz17,2018-06-19T22:35:02.000Z,@katstrejo Que raro que est√©s peleando Katy paulina,21.22812,-89.6748995,neutro,Espa√±ol
70263,1.00894e+18,PaulaFuchok,2018-06-19T04:54:55.000Z,Que flojera andar peleando se los juro. No me voy a desgastar. A dormir se√±ores!,20.941035,-89.623611,negativo,Espa√±ol
72229,1.00856e+18,PaolaFaugier,2018-06-18T03:44:37.000Z,"@MitoSanchez Jaja nada peleando por las cosas m√°s m√≠nimas, sin importancia ü§∑üèª‚Äç‚ôÄÔ∏è",20.941035,-89.623611,positivo,Espa√±ol
74299,1.00837e+18,gaboguion,2018-06-17T15:27:35.000Z,Aqu√≠ el matrimonio alem√°n -mexicana peleando https://t.co/gatbeeH9zT,20.941035,-89.623611,neutro,Espa√±ol
74308,1.00837e+18,gaboguion,2018-06-17T15:26:25.000Z,En la mesa de junto hay un matrimonio alem√°n-mexicana y ya se pelearon üôÑ es un juego co√±o,20.941035,-89.623611,neutro,Espa√±ol
78441,1.00763e+18,David94Fdez,2018-06-15T14:13:50.000Z,"¬øC√≥mo les explico que el √©xito y ser el mejor en tu √°rea no est√° peleado con ser fiestero? 

Lo s√©, tard√© a√±os en entenderlo pero, veanme ahora...",20.941035,-89.623611,positivo,Espa√±ol
80297,1.00729e+18,IamIsrael27,2018-06-14T16:05:22.000Z,Cuando tus compas que estaban peleados se reconcilian y ya todos pueden ir por cheves üòã https://t.co/vgKJVg3zlZ,20.941035,-89.623611,neutro,Espa√±ol
80905,1.00716e+18,keny_vale17,2018-06-14T06:59:44.000Z,"Siempre nos peleamos por alguna otra raz√≥n pero al final seguimos entregados al amor, no somos nada iguales, pensamos muy diferente. Yo soy siempre el culpable y t√∫ eres la inocenteüé∂üé§",20.941035,-89.623611,neutro,Espa√±ol
82766,1.00688e+18,CARL10OFICIAL,2018-06-13T12:28:21.000Z,de forma abrupta Espa√±a se quita de la pelea por la copa del mundo... https://t.co/b2IGKIJFEJ,21.22812,-89.6748995,neutro,Espa√±ol
82972,1.00678e+18,FridaValdez5,2018-06-13T05:52:26.000Z,Peleas a muerte like https://t.co/TZ0N40n4Qa,20.941035,-89.623611,neutro,Estonio
83452,1.00674e+18,jairodelizama,2018-06-13T03:22:14.000Z,"Mi amor ya te la peleaste, ya contrat√© al FBI (Facebook Bronco Investigation) para saber con quien me pones el cuerno.  #DebatePresidencial #DebatePresidencial2018",20.941035,-89.623611,positivo,Espa√±ol
83722,1.00673e+18,gianelle_cruz,2018-06-13T02:40:42.000Z,Las peleas de los candidatos est√°n mejor que las novelas de Televisa #DebateINE,20.941035,-89.623611,neutro,Espa√±ol
83946,1.00671e+18,kenialopezr,2018-06-13T01:48:24.000Z,"#M√©xicoVotaAnaya 
Hoy est√° claro la pelea esta entre:
El Pri-mor y @RicardoAnayaC 

¬°El √∫nico cambio para este pa√≠s se llama #RicardoAnaya! https://t.co/bSdjxgTYjR",20.941035,-89.623611,positivo,Espa√±ol
84468,1.00666e+18,Manuelsaanz,2018-06-12T21:51:42.000Z,@katyaosorioh Ya les dir√© ‚Äúse los dije‚Äù cuando nos estemos peleando por un papel sanitario en bodega Aurrer√°,21.2583735,-87.8252875,positivo,Espa√±ol
86540,1.00629e+18,dsoria,2018-06-11T21:42:20.000Z,"@rodrigo_muma @LuisAzul0507 @Raul_Jimenez9 @miseleccionmx o sea que necesito una mayor calidad moral para emitir una opini√≥n (burda si quieres)??  y en este caso chicharo tampoco trae nada, Oribe por lo menos pelea todas, partiendo del parado 433 de osor",20.941035,-89.623611,neutro,Espa√±ol
87928,1.006e+18,mateogogui,2018-06-11T02:25:36.000Z,No quiero asustar a los gringos pero Donald Trump fue al #G7 a pelearse con las otras seis potencias del mundo. √âste se√±or cree que su pa√≠s es intocable y que puede hacer lo que el desee. Es necio y est√° a punto de perder los tratos con los otros pa√≠ses. Se los advirtieron. https://t.co/E5HZ1XUHmH,20.941035,-89.623611,negativo,Espa√±ol
88280,1.00596e+18,kareen_quijano,2018-06-10T23:49:42.000Z,"Por qu√© no importa qu√© tan peleados, enojados o distanciados estemos, se que siempre estaremos ah√≠.",20.941035,-89.623611,negativo,Espa√±ol
89608,1.00567e+18,Silva04Daniel,2018-06-10T04:39:41.000Z,Que tirote Abner Mares vs Leo Santa Cruz sin duda la mejor pelea de box del 2018,20.941035,-89.623611,positivo,Espa√±ol
89759,1.00564e+18,mateogogui,2018-06-10T02:44:42.000Z,Mi generaci√≥n tiene tantas cosas por las cuales luchar pero parece que agotan su esfuerzo en pelear por un lenguaje inclusivo c√≥mo si fuera a acabarse el mundo. Hay prioridades chavos.,20.941035,-89.623611,positivo,Espa√±ol
90308,1.00556e+18,Edgarjeb,2018-06-09T21:00:08.000Z,"Casi dos a√±os esperando esa pelea de BNHA, pr√≥xima semana s√≠ voy a llorar alv üò¢",20.941035,-89.623611,negativo,Portugu√©s
90809,1.00548e+18,HurBautista,2018-06-09T16:10:05.000Z,Donde estas Genesis quiero pelear :(,20.941035,-89.623611,negativo,Espa√±ol
91216,1.00533e+18,iPerryAguayo,2018-06-09T06:23:58.000Z,"Amikos,me la pas√© cinco meses con un vato y jam√°s tuvo los huevos para decirme que fuera su novia jajajajaa despu√©s peleamos y ni me pelaba. No sean as√≠ vatos üòÇüòÇ",20.941035,-89.623611,positivo,Espa√±ol
92338,1.00514e+18,marciano_rejon,2018-06-08T17:36:42.000Z,@trejo_sirvent @Tuitextrema Se tiene que luchar todos los d√≠as.  El voto es uno entre mil formas de pelear por un M√©xico mejor.,20.915111,-89.531494,positivo,Espa√±ol
92460,1.00512e+18,ManriquedeD,2018-06-08T16:29:21.000Z,Hoy descubr√≠ que soy bien pendejo para pelear. Me ganan mis emociones y me pongo a temblar.,20.941035,-89.623611,positivo,Espa√±ol
92614,1.0051e+18,Luis0B,2018-06-08T15:03:50.000Z,Hoy se viene una pelea magistral ‚ÄúEstarossa vs Escanor‚Äù https://t.co/LIe7ChFzKD,21.0255285,-89.624304,positivo,Espa√±ol
93140,1.00494e+18,eljopah,2018-06-08T04:17:13.000Z,@Yair_Coronel Quierepelea? https://t.co/C88KUuD8Uh,20.941035,-89.623611,neutro,Rumano
93358,1.00491e+18,DianisJaquelin,2018-06-08T02:26:38.000Z,"Si tuviste un mal d√≠a, una pelea, algo no sali√≥ como esperabas, es entendible, pero... ¬øQu√© me mal contestes, y que est√©s con esa actitud? NO. üòíüòíüòí",20.941035,-89.623611,negativo,Espa√±ol
94684,1.00462e+18,PinoNardelliJD,2018-06-07T06:55:17.000Z,"Bueno, son las 2 y yo aqu√≠ vacilandome las peleas de Kimbo.",20.941035,-89.623611,negativo,Espa√±ol
94767,1.00459e+18,iPerryAguayo,2018-06-07T05:19:25.000Z,Saben que? Mejor no me hablen jaja ando peleando con todos √∫ltimamente xd,20.941035,-89.623611,positivo,Espa√±ol
96466,1.00424e+18,OliveroGdlC,2018-06-06T06:04:33.000Z,Cc te peleas con tu novia por medio d√≠a y cuando se reconcilian se comentan y etiquetan en todo lo que no pudieron hacer mientras estaban indignados üòçüòç‚ô•Ô∏è te amo üôä ya sabes quien eres ‚ô•Ô∏è,20.941035,-89.623611,negativo,Espa√±ol
96496,1.00423e+18,PaolaFaugier,2018-06-06T05:17:09.000Z,"Lista para ver la pelea de la novia, la ex novia, la amante, la nueva novia etc. #pedosmentales #hagansunovela #fannum1 https://t.co/5tCkPJlv6A",20.941035,-89.623611,positivo,Espa√±ol
96869,1.00417e+18,larrydiazt,2018-06-06T01:27:42.000Z,al final creyeron que andaba peleando: https://t.co/GPn3hv2Uxb,20.941035,-89.623611,neutro,Espa√±ol
97352,1.00409e+18,MonzonnIsaac,2018-06-05T19:41:42.000Z,@Suadri_ Puro chiste. Otro m√°s tambi√©n se qued√≥ y solo peleabas,20.941035,-89.623611,negativo,Espa√±ol
97469,1.00406e+18,Alaniarq,2018-06-05T18:07:33.000Z,¬°As√≠ no se puede pelear a gusto mano! üëÄ,20.941035,-89.623611,positivo,Espa√±ol
97961,1.0039e+18,encado_16,2018-06-05T07:24:23.000Z,"Clase figuras carajo como me hicieron vibrar con sus goles y peleas me hicieron creer que todo es posible ,un abrazo desde Yucatan para este par de leyendas https://t.co/BAHcIUeFyJ",21.22812,-89.6748995,negativo,Espa√±ol
98276,1.00384e+18,yordichan_,2018-06-05T03:12:17.000Z,Gracias al Tw puedo pelear con los incompetentes empleados del banco por su servicio dudoso y deficiente.,20.941035,-89.623611,negativo,Espa√±ol
98320,1.00383e+18,chelocanto,2018-06-05T02:50:26.000Z,"Es incre√≠ble que hayan transcurrido casi tres a√±os desde su primer enfrentamiento: coincido que el plan de pelea de Abner Mares ser√° mucho m√°s inteligente, pero dif√≠cilmente le alcance ante la andanada de golpes, explosividad y velocidad de manos del ‚Äúterremoto‚Äù. https://t.co/wHPshdQ8s2",20.941035,-89.623611,positivo,Espa√±ol
98362,1.00382e+18,chelocanto,2018-06-05T02:24:34.000Z,√âste es el comunicado enviado por los @venadosfc luego de que le haya sido negada la certificaci√≥n para pelear por el ascenso. El conjunto ciervo apelar√° la decisi√≥n ante la FEMEXFUT; aut√©ntico balde de agua fr√≠a para la escuadra yucateca. https://t.co/m7rANaoF1Z,20.941035,-89.623611,negativo,Espa√±ol
98890,1.00373e+18,mamerzon,2018-06-04T19:57:14.000Z,@TiThor @cehachecatorce @javier8bello Pelea de inv√°lidos https://t.co/ni3xlsnir8,21.22812,-89.6748995,neutro,Espa√±ol
99112,1.00368e+18,pilar_mQ92,2018-06-04T16:41:45.000Z,"Incluso con todas la peleas y crisis de celos, yo siento que t√∫ eres el que quiero estar el resto de mi vida",20.941035,-89.623611,positivo,Espa√±ol
99572,1.0035e+18,Roger393,2018-06-04T05:00:34.000Z,Acabo de desatar una pelea por criticar a Shakira jajajajaja,20.941035,-89.623611,positivo,Espa√±ol
99700,1.00349e+18,lorainePoulain,2018-06-04T03:54:34.000Z,Pues ni vemos la serie de Luis Miguel pero somos la serie de rid√≠culos que hace carne asada en la playa.... somos la prueba de que cirujanos e internistas no viven peleados (: https://t.co/oe69IKhWK5,21.22812,-89.6748995,positivo,Espa√±ol
99795,1.00347e+18,JavierMoguel00,2018-06-04T03:01:35.000Z,"@BetooAzul Rayos me identifique hermano, una morra que cada que se pelea con su novio me vuelve a escribir, justo cuando ya me empieza a valer verga me manda notas de voz, wey tiene una voz perfecta. Ahora ya no me habla la HDSPTM. ni yo a ella",20.941035,-89.623611,negativo,Espa√±ol
101609,1.00305e+18,Estefanyg_09,2018-06-02T22:56:47.000Z,@MonsSales Te encanta pelear conmigo,20.941035,-89.623611,positivo,Espa√±ol
102466,1.00277e+18,VeRyAnime,2018-06-02T04:45:44.000Z,"El amor verdadero lo tengo contigo amors . ‚ô•Ô∏è me hiciste olvidar mi pasado. Me haces tan feliz, tan llena  de vida, somos perfectos cuando estamos juntos, nunca peleamos, siempre hablamos de todo. Eres lo que siempre quise y espere en mi vida. https://t.co/xkQ6MwhAvg",20.941035,-89.623611,positivo,Espa√±ol
102921,1.00269e+18,aguilas_blancas,2018-06-01T23:34:32.000Z,@RegeneracionMx @angelica9091 Jajajaja son lo mismo eso de que se pelean solo es un show...ten√≠a raz√≥n el viejito AMLO......creo q votar√© por morena... https://t.co/TJQL3jVRLi,20.941035,-89.623611,positivo,Espa√±ol
103787,1.00253e+18,__SoyGabo,2018-06-01T12:49:43.000Z,@Josue_sebas Eso me recuerda que nunca hubo la pelea con Alan üôÑ,20.941035,-89.623611,positivo,Espa√±ol
103864,1.00249e+18,yordichan_,2018-06-01T10:13:10.000Z,"Solo despert√© a pelear con mi gato, lit.",20.941035,-89.623611,positivo,Italiano
104518,1.00236e+18,azukar04,2018-06-01T01:25:43.000Z,#SeEstanPeleando üôÜ #PlayoffsLMB https://t.co/ScVglO1DfG,20.941035,-89.623611,neutro,Espa√±ol
105213,1.00223e+18,roytb81,2018-05-31T17:06:53.000Z,"2 asesinos del siglo pasado, peleando la posici√≥n de Marca ! #NOMamar https://t.co/OUEgSwFZHj",20.941035,-89.623611,negativo,Espa√±ol
105227,1.00223e+18,clauflores_H,2018-05-31T17:01:03.000Z,"Ayer me di cuenta que mi novio y yo no peleamos, yo peleo y el solo me escucha üòÇ",20.941035,-89.623611,negativo,Espa√±ol
106419,1.00198e+18,Nabysrb,2018-05-31T00:11:57.000Z,Yooo! Jajaja que suerte tenerme y no tener que pelear esto ü§≠ https://t.co/34ltSKdZe5,20.941035,-89.623611,positivo,Espa√±ol
106898,1.00188e+18,Dannie_torres,2018-05-30T17:33:34.000Z,Otra vez estoy escuchando mil Alejando Fern√°ndez y me da miedo porque termino real llorando en la noche con estas porque tengo peleas JAJAJAJAJA :(,20.941035,-89.623611,negativo,Espa√±ol
108443,1.00151e+18,Dannie_torres,2018-05-29T16:59:01.000Z,"Goey por qu√© chingados cada que tengo una pelea lloro üò°
Neta me odio en este mood",20.941035,-89.623611,negativo,Espa√±ol
108456,1.00151e+18,FernvndoLp,2018-05-29T16:50:53.000Z,"Llega esa etapa en la vida, en la que te peleas con @CFEmx por que sin mordida no hacen las cosas bien. Pareciera que ellos hacen un favor a la gente que paga por un servicio.",20.941035,-89.623611,positivo,Espa√±ol
112507,1.00052e+18,CristellHdez,2018-05-26T23:30:33.000Z,"Pelear con cruda no es buena idea, amiguito.",20.941035,-89.623611,positivo,Espa√±ol
114092,1.00018e+18,izakjg,2018-05-26T01:10:47.000Z,"@Vanegpezamudio Bien, en lo que cabe... peleando con una gripe que no se quiere ir, pero es la historia de mi vida, nada grave... descansando un poco antes de ma√±ana üòä... ¬øy vos?",20.941035,-89.623611,positivo,Espa√±ol
115580,9.9985e+17,yordichan_,2018-05-25T03:11:03.000Z,Peleando sobre pol√≠tica cuando deber√≠a estar estudiando.,20.941035,-89.623611,neutro,Espa√±ol
116464,9.9969e+17,abrileshion,2018-05-24T16:34:36.000Z,Me encanta pelear,20.5580215,-88.085541,positivo,Espa√±ol
117107,9.99491e+17,JaviHer9310,2018-05-24T03:24:56.000Z,@mel_madrid Espero te hayas divertido viendo las peleas ü§£,20.941035,-89.623611,positivo,Espa√±ol
118691,9.99153e+17,Noti_Fut_MX,2018-05-23T04:58:31.000Z,"Miguel Jim√©nez se queda en Chivas, ya sea como primer o segundo portero. Pelear√≠a el puesto con To√±o Rodr√≠guez, Alfredo Sald√≠var o (con menos posibilidades) Ra√∫l Gudi√±o.",20.941035,-89.623611,neutro,Espa√±ol
119859,9.98919e+17,CristellHdez,2018-05-22T13:30:03.000Z,"Me gusta llevarme bien con los amigos de mi novio, porqu√© cuando nos peleamos me defienden‚úå",20.941035,-89.623611,positivo,Espa√±ol
120092,9.98794e+17,LudmaBorges,2018-05-22T05:13:00.000Z,Ta peleando ta peleando ta peleando,20.941035,-89.623611,neutro,Portugu√©s
120298,9.9876e+17,slizamas,2018-05-22T02:58:06.000Z,"@lopezdoriga Hasta para acusar hay que tener categor√≠a. "" Lo de mi hijo nada tiene que ver "" devolvi√≥ el golpe de manera desorganizada. Quizo pelear pero no es su terreno. Ante las c√°maras y p√∫blico distinto a sus m√≠tines, est√° desarmado. No tiene a",20.941035,-89.623611,negativo,Espa√±ol
121748,9.98417e+17,Marijayrocker,2018-05-21T04:15:07.000Z,"Todo comenz√≥ cuando ese ni√±o problema (mi tormento y dolor de cabeza) se peleaba con otro ni√±o de su misma edad, 5 a√±os, hasta llegar a agredirlo verbalmente con ofensas, se le comunic√≥ a sus padres sobre este percance...",20.941035,-89.623611,negativo,Espa√±ol
121784,9.98416e+17,jdavid353,2018-05-21T04:09:40.000Z,Se la pasan peleando a ver quien es mas rata: El Bronco #DebateINE,20.941035,-89.623611,positivo,Espa√±ol
122146,9.984e+17,Arturomora04,2018-05-21T03:06:25.000Z,Jajajajajajajajajajaja y Meade cag√°ndose de risa mientras se pelean Amlo y Anaya,20.941035,-89.623611,positivo,Espa√±ol
123066,9.98287e+17,marianazepeda,2018-05-20T19:38:37.000Z,"Pelear con alguien no depende de si tienen o no la misma ideolog√≠a, depende de cuan tolerantes y respetuosos seamos ante la diversidad misma.",20.941035,-89.623611,negativo,Espa√±ol
123716,9.98064e+17,gmlestat02,2018-05-20T04:53:59.000Z,"Pobre del gran campe√≥n JC Ch√°vez, si tiene verg√ºenza Omar, deber√≠a de no volver a pelear...",20.941035,-89.623611,negativo,Espa√±ol
127373,9.97021e+17,amorferraez01,2018-05-17T07:49:23.000Z,@luiscarter @JaquiMoreno @aleelort Sin pelear Luis ‚ô•Ô∏è,20.941035,-89.623611,positivo,Ingl√©s
127965,9.96908e+17,JorgeB1979,2018-05-17T00:18:45.000Z,"@pcoh2495 No te vayas, con quien me voy a pelear",20.941035,-89.623611,negativo,Espa√±ol
130875,9.96242e+17,AngelMontalvoMX,2018-05-15T04:12:43.000Z,"Si en 4 elementos me encant√≥ su car√°cter, con esto voy a verla a su pr√≥xima pelea en Yucat√°n. @maryjuarezcute https://t.co/cdCayIZI5f",20.941035,-89.623611,positivo,Espa√±ol
134088,9.95692e+17,CanRoselLuisMa,2018-05-13T15:46:59.000Z,"Muchas felicidades campe√≥n del mundo @jaimemunguia15 vi tu pelea desde la ciudad de Motul, Yucat√°n.",21.1637665,-89.2787755,positivo,Espa√±ol
134229,9.95661e+17,LoveCacher,2018-05-13T13:44:47.000Z,"#SaveLucifer
Peleare las veces que sea necesario para salvar esta serie!",21.1637665,-89.2787755,positivo,Espa√±ol
134635,9.95507e+17,RonaldOrtizG,2018-05-13T03:32:17.000Z,"Jaime, Jaime, Jaime Munguia! Clase de pelea #box",20.941035,-89.623611,positivo,Portugu√©s
134711,9.95493e+17,pdeportiva,2018-05-13T02:37:24.000Z,"Linares puso a Lomachenko por vez primera en su vida en la lona, pero se ahog√≥ en la orilla en una gran pelea en la que mostr√≥ su real nivel, superior al que muchos villamelones le atribu√≠an: https://t.co/E4ystAhhxk @PacoValcarcel @JorgeLinares #LinaresLoma https://t.co/6o0BquM1cD",20.941035,-89.623611,positivo,Espa√±ol
136885,9.94979e+17,RonaldRojasRR,2018-05-11T16:32:47.000Z,Lebron es el culpable...la pelea y el bochinche no me hacen falta https://t.co/mNscrqpnRw,20.941035,-89.623611,negativo,Espa√±ol
138323,9.94654e+17,Soufish,2018-05-10T19:03:45.000Z,"Ahora que la gente se pelea por defender a los candidatos presidenciales, que se rompen amistades y lazos familiares, me es imposible no recordar el capitul√≥ de South Park (2004) de el Enema contra el S√°ndwich de moj√≥n, as√≠ de rid√≠culos se ven https://t.co/EcONaRlEq2",20.941035,-89.623611,negativo,Espa√±ol
138679,9.9459e+17,barsanchezg,2018-05-10T14:47:24.000Z,Feliz d√≠a a la suegra m√°s peleada en M√©rida üòÇüòÇ,20.941035,-89.623611,positivo,Espa√±ol
141306,9.94029e+17,JanetOrAr,2018-05-09T01:38:25.000Z,Hasta en las peleas tenemos tiempo fuera para los memes https://t.co/XExvaljwn7,20.941035,-89.623611,neutro,Espa√±ol
141868,9.93935e+17,JenniGamboaa,2018-05-08T19:27:08.000Z,"@MaaayCn Lo odio, nunca olvidar√© mi pelea con √©l",20.941035,-89.623611,negativo,Italiano
143236,9.93641e+17,MaritteMunoz,2018-05-07T23:55:43.000Z,"Se cree mucho y es mala conduciendo, peleadora y violenta https://t.co/iy2LqU6f2B",20.941035,-89.623611,negativo,Espa√±ol
144377,9.93352e+17,Deyvidhdz17,2018-05-07T04:50:23.000Z,@dianazlg Deja de pelear,21.22812,-89.6748995,negativo,Espa√±ol
147691,9.92788e+17,CanRoselLuisMa,2018-05-05T15:26:45.000Z,"@PatronRaul Compa, hoy les caigo para ver la pelea de GGG",20.941035,-89.623611,positivo,Espa√±ol
148341,9.92603e+17,SinaMarote,2018-05-05T03:12:00.000Z,"@vannegamboa  por eso nunca me peleaste, verdad? :( https://t.co/OXbc0F2Wcz",20.941035,-89.623611,negativo,Espa√±ol
148672,9.92573e+17,kshmkzk,2018-05-05T01:14:13.000Z,Me alegra recuperar mi relaci√≥n con Ale. Fue una estupidez la raz√≥n por la que peleamos~,20.941035,-89.623611,positivo,Espa√±ol
150513,9.92237e+17,Arturomora04,2018-05-04T02:56:45.000Z,Es divertido pelearse con otros coches je,20.941035,-89.623611,positivo,Espa√±ol
152919,9.91833e+17,PaolaFaugier,2018-05-03T00:11:43.000Z,"Todo el pinche d√≠a peleando, que pinche desgastarte. ‚òÑÔ∏è",20.941035,-89.623611,negativo,Espa√±ol
153264,9.91768e+17,josejmtz33,2018-05-02T19:55:36.000Z,"La felicidad no llega a la puerta, hay que buscarla y pelear por‚Ä¶ https://t.co/w2XyBYt1WT",20.97631,-89.62147,positivo,Espa√±ol
157684,9.90817e+17,HectorCamaraD,2018-04-30T04:57:48.000Z,"@ricardodt_ @palmiracerm Pos obvio, imag√≠nate que est√©n peleando y les jalen la cola, no estar√≠a nada chido",20.941035,-89.623611,positivo,Espa√±ol
159199,9.90501e+17,HectorCamaraD,2018-04-29T07:59:45.000Z,"La mejor escena es cuando est√°n en wakanda y est√°n apunto de pelear y gritan ""wakanda forever"", neta es la mera verga üò≠üò≠üò≠üò≠",20.941035,-89.623611,negativo,Espa√±ol
161622,9.90011e+17,fabyzacc,2018-04-27T23:31:39.000Z,Lo mejor de mi d√≠a: mi hermanito de 2 a√±os peleando conmigo grit√°ndome ‚Äúvayate‚Äù en vez de ‚Äúvete‚Äù üòÖ te amo Pablo no crezcas nunca,20.941035,-89.623611,positivo,Espa√±ol
163622,9.8965e+17,4death_mx,2018-04-26T23:40:36.000Z,Civil Rock  Cuando los rockeros locales se pelean.Todos hablan d infinity war y nosotros con nuestro propio Civil War#TeamPeter #TeamZoreda https://t.co/SNUXIUI5dJ,20.941035,-89.623611,positivo,Espa√±ol
164414,9.89517e+17,PastorMandujano,2018-04-26T14:48:36.000Z,"No te desgastes peleando por lo que no vale la pena pelear, Pablo dijo ""Yo solo peleo las buenas batallas""

2 Timoteo 4:7
He peleado la buena batalla, he acabado la carrera, he guardado la fe.",20.941035,-89.623611,neutro,Espa√±ol
165036,9.89357e+17,Pati_Bv,2018-04-26T04:13:33.000Z,"Esto es verdad, @Chivas ten√≠a con qu√© pelear los dos torneos üòë‚ùå https://t.co/AOk4Rv86lX",20.941035,-89.623611,positivo,Espa√±ol
165367,9.89332e+17,gapa0,2018-04-26T02:34:29.000Z,Esta muy cagada la pelea de indirectas entre @ArantzaCenteno y @MarianaM223 y sus respectivas amistades/c√≥mplices #teamArantaza #teamMariana usen los hashtags oficiales.,20.941035,-89.623611,negativo,Espa√±ol
166872,9.89036e+17,Fabo_DOX,2018-04-25T06:58:04.000Z,Alguien me pregunt√≥ ¬øC√≥mo funciona Twitter y por qu√© me gusta estar peleando en √©l con gente que no conozco? As√≠ que les dejo mi resumen por si se encuentran en una situaci√≥n similar y no quieren pensar de m√°s. PD. Definiciones de Wikipedia feat @Fabo_DOX,20.941035,-89.623611,negativo,Espa√±ol
166873,9.89036e+17,Fabo_DOX,2018-04-25T06:57:41.000Z,Alguien me pregunt√≥ ¬øC√≥mo funciona Twitter y por qu√© me gusta estar peleando en √©l con gente que no conozco? As√≠ que les dejo mi resumen por si se encuentran en una situaci√≥n similar y no quieren pensar de m√°s. PD. Definiciones de Wikipedia feat @Fabo_DOX,20.941035,-89.623611,negativo,Espa√±ol
167031,9.88995e+17,iPerryAguayo,2018-04-25T04:16:05.000Z,"Mi vato sabe c√≥mo volverme loca al pelear,simplemente mir√°ndome y sonriendo. Se me olvida hasta que peleaba con tan solo verlo.",20.941035,-89.623611,positivo,Espa√±ol
167595,9.88931e+17,GutierrezCharo,2018-04-25T00:00:57.000Z,Aqu√≠ peleando con estas perras... Con estas perras ganas de mandarte un whatssap... Bale berga la bida üíî,20.7162095,-87.814824,negativo,Espa√±ol
167604,9.88929e+17,GutierrezCharo,2018-04-24T23:55:14.000Z,Aqu√≠ peleando con estas perras... Con estas perras ganas demandarte un whatssap... Bale berga la bida üíî,20.7162095,-87.814824,negativo,Espa√±ol
168196,9.88826e+17,santagterrones,2018-04-24T17:03:55.000Z,"Cada quien que vote por quien se le pegue su real gana ... finalmente a ning√∫n candidato le importas, dejen de pelearse, insultarse y ponerse de tapete ante nadie y p√≥ngase a trabajar. 
El que busca trabajo, encuentra.",20.941035,-89.623611,positivo,Espa√±ol
169045,9.88616e+17,AbiiP_,2018-04-24T03:08:54.000Z,@garcininagarcia @DiegoMagaana Pelea de cq,20.941035,-89.623611,neutro,Espa√±ol
169995,9.88503e+17,Akila_DarioSanM,2018-04-23T19:39:30.000Z,Porque el verse bien no est√° peleado con la sabidur√≠a y las ciencias... outfit del 2¬∫ d√≠a de‚Ä¶ https://t.co/qaq6WCXXOg,21.03322509,-89.62988277,positivo,Espa√±ol
170701,9.88134e+17,josexiu,2018-04-22T19:16:01.000Z,@Dicaromadrid JAJAJAJAJA Pura pelea de la buena y de risa jajajaja,20.5097795,-89.37792,positivo,Espa√±ol
171561,9.87919e+17,VICTRUPE13,2018-04-22T05:01:59.000Z,! Que pelea !    @UFCEspanol Lee / Barboza,20.941035,-89.623611,neutro,Catal√°n
171609,9.87911e+17,Dannie_torres,2018-04-22T04:30:05.000Z,"No hay luz, peleada con √©l, mi roomie dormida, todos dormidos, entrando en crisis de pensamientos.... hoy es una buena noche para caer en la tristeza. Jaja y justo hoy mi roomie y yo compramos vino, cerveza y vodka para nuestros momentos alcoholicos. üëåüèºüôåüèº",20.941035,-89.623611,positivo,Espa√±ol
172760,9.87779e+17,jonatrhonprime,2018-04-21T19:43:39.000Z,"‚ÄúEl bronco‚Äù falsifica firmas y le dan la candidatura, Margarita se pelea con el pan y tambi√©n con firmas falsas llega a la boleta, el ‚Äújaguar‚Äù no obtiene candidatura independiente y se al√≠a con el Cancer de Mexico... bonita figura de ‚Äúindependientes‚Äù... üòí",20.941035,-89.623611,neutro,Espa√±ol
174390,9.87415e+17,santiagomarfil,2018-04-20T19:38:13.000Z,"Agradezco la visita del campe√≥n William ‚ÄúEl terrible‚Äù Puch Cetz, nuestro alumno de la Ing. Electromec√°nica  quien hoy pelea a las 6pm en el polifuncional de San Jos√© Tecoh. 
#OrgulloFelino https://t.co/0oxSWdUKWd",21.1637665,-89.2787755,positivo,Espa√±ol
174760,9.87347e+17,Osorowski,2018-04-20T15:06:36.000Z,"La Pelea Con El Diablo de Octavio Meza Y Su Conjunto
https://t.co/NptMEERZLJ",20.941035,-89.623611,neutro,Espa√±ol
175137,9.872e+17,ingridgigita,2018-04-20T05:23:43.000Z,√âl pelea todas mis batallas y yo ... lo hab√≠a olvidado üò¢,20.941035,-89.623611,negativo,Espa√±ol
175521,9.87157e+17,vicopico,2018-04-20T02:34:11.000Z,No se puede pelear contra alguien que tiene solo dos neuronas . Siempre perder√°s.,20.941035,-89.623611,negativo,Espa√±ol
178509,9.86618e+17,RaulSalas9,2018-04-18T14:51:48.000Z,"El desarrollo econ√≥mico no tiene por qu√© estar peleado con su entorno. Insistimos en soluciones complejas para comodidades individuales, sobre soluciones sencillas para beneficios colectivos. üçÉüá≤üáΩ",20.941035,-89.623611,positivo,Espa√±ol
178910,9.8647e+17,itzaValle_,2018-04-18T05:02:58.000Z,"Es tan estresante , aue cuando estes a punto de pegar la pesta√±a mi hermanita este peleandl con su novio üò• STOP A SUS LLAMADAS. QUIERO DORMIR",20.941035,-89.623611,negativo,Espa√±ol
178927,9.86469e+17,itzaValle_,2018-04-18T04:58:37.000Z,"Oigan parenle a su tren del mame con su ""Esperanza de Mexico"" por cierto no me pondre a pelear con nadie de temas politicosy mas si son amlovers!. Besitos.",20.941035,-89.623611,negativo,Espa√±ol
179354,9.8642e+17,OswaldGeminiMX,2018-04-18T01:42:57.000Z,@verockstar @WWEAsuka Eso era bien sabido desde que escogi√≥ a @MsCharlotteWWE para pelear vs ella en #WrestleMania üôèüèºüôèüèºüôèüèº,20.941035,-89.623611,negativo,Espa√±ol
179358,9.86419e+17,OswaldGeminiMX,2018-04-18T01:41:27.000Z,"Se que tal vez ser√≠a algo absurdo y descabellado de mi parte decir esto:
#WrestleMania35 a√∫n est√° muy lejos pero si hay una pelea ideal para que #Undertaker se despida de este evento y de #WWE seria vs Jeff Hardy üí™üèºüí™üèº
Nota.- Es s√≥lo una humilde opini√≥n

‚ôä https://t.co/UdhwRAybGF",20.941035,-89.623611,negativo,Espa√±ol
179464,9.86405e+17,Marijayrocker,2018-04-18T00:44:18.000Z,He tocado por poco tiempo mi cell y estaba en varias cosas: de entrada me despert√© temprano y eso que es mi descanso pero mi sue√±o fue interrumpido por culpa de una pelea entre mis padres (odio que hagan eso) üò†,20.941035,-89.623611,positivo,Espa√±ol
179465,9.86405e+17,Marijayrocker,2018-04-18T00:43:24.000Z,Me tocado por poco tiempo mi cell y estaba en varias cosas: de entrada me despert√© temprano y eso que es mi descanso pero mi sue√±o fue interrumpido por culpa de una pelea entre mis padres (odio que hagan eso) üò†,20.941035,-89.623611,positivo,Espa√±ol
180788,9.86096e+17,Sam_Lr7,2018-04-17T04:17:54.000Z,Siempre ha sido y ser√° una botana cuando pelean los vecinos,20.941035,-89.623611,neutro,Espa√±ol
182307,9.85772e+17,abgongora,2018-04-16T06:50:51.000Z,"@gabrielvicv @alexarmzl JAJAJAJA no voy a pelear @gabrielvicv , s√≥lo dir√© que primero hay que informarse bien y luego decidir entonces por qui√©n votar, no hay que dejarse llevar por los medios de comunicaci√≥n nacionales, todos est√°n coludidos ya sea ",20.941035,-89.623611,positivo,Espa√±ol
182556,9.85725e+17,Sellyplata,2018-04-16T03:43:39.000Z,"Ese inc√≥modo momento en el que tu novio habla dormido y no sabes si est√° peleando contigo, jugando f√∫tbol o qu√© demonios üòÜüòÇüòÜüòÇ",20.941035,-89.623611,positivo,Espa√±ol
183447,9.85585e+17,karosaas,2018-04-15T18:24:21.000Z,Me gustar√≠a que entre nosotros las peleas se pudieran evitar...,20.5580215,-88.085541,positivo,Espa√±ol
183928,9.85484e+17,JennCeron,2018-04-15T11:45:21.000Z,Pelea con la secadora,20.941035,-89.623611,neutro,Espa√±ol
184701,9.85308e+17,SoloRayos,2018-04-15T00:04:01.000Z,"@sam_romo11 @ClubNecaxa As√≠ es hermano, seguimos en la pelea!",20.941035,-89.623611,positivo,Espa√±ol
184904,9.85275e+17,MakeAncona,2018-04-14T21:54:48.000Z,@lacastab Se llama ganas de no querer pelear,20.941035,-89.623611,positivo,Espa√±ol
186407,9.84966e+17,mariannevillagr,2018-04-14T01:24:55.000Z,Hobbies de vida. Pelearme con los de Izzi por que es un asco su internet. üôÑ,20.941035,-89.623611,negativo,Espa√±ol
186904,9.84893e+17,cesarzapata91,2018-04-13T20:35:57.000Z,@pepelealba Yo tampoco entendi jajajaj,20.941035,-89.623611,positivo,Eslovenia
187264,9.84827e+17,Aditss19,2018-04-13T16:13:32.000Z,@jimenajimenezp Nunca es temprano para pelearüíÅ jajajajaj broma,20.941035,-89.623611,positivo,Eslovenia
188055,9.84639e+17,kiwiAzuara,2018-04-13T03:47:03.000Z,"@lalooibarra Cosa que no es sencilla, son humanos no m√°quinas, existe una relaci√≥n m√©dico- paciente. Hay familiares que entienden, otros que no y es entendible el dolor, y demandan. Lo que se pelea es que se le acuse como ‚Äúdoloso‚Äù, como si  despert",20.941035,-89.623611,positivo,Espa√±ol
188275,9.84609e+17,DiaLoGo11,2018-04-13T01:49:25.000Z,"Mi vecina se pelea con su perro, le pega y le dice ‚Äúp√≥rtate bien por el amor a jesucristo‚Äù  ü§¶üèª‚Äç‚ôÄÔ∏è // no s√© si re√≠r o llorar... me preocupa que tenga hijos",20.941035,-89.623611,positivo,Espa√±ol
189172,9.84459e+17,tzucjoe,2018-04-12T15:53:04.000Z,"Dios pelea por ti no lo dudes, solo procura que no sean batallas donde tu hayas ido a buscarlas por necedad",20.941035,-89.623611,positivo,Espa√±ol
190265,9.84225e+17,KaoZcr_,2018-04-12T00:21:20.000Z,"Mientras aficionados discuten y pelean, as√≠ es c√≥mo Gianluigi Buffon y Cristiano Ronaldo terminan una eliminatoria en la que pas√≥ de todo. Son rivales, no enemigos. MOMENTO √âPICO ENTRE LEYENDAS. https://t.co/nreowEduAc",20.941035,-89.623611,positivo,Espa√±ol
190281,9.84222e+17,pazricardo,2018-04-12T00:09:49.000Z,Unas ganas de pelearme contigo pero luego recuerdo que no tienes capacidad de mejorar,20.941035,-89.623611,positivo,Espa√±ol
190579,9.84175e+17,ItzelVicente_,2018-04-11T21:02:29.000Z,"Debo admitir que la pelea entre Arenado y Perdomo, estuvo buena üí•",20.8387525,-88.628905,positivo,Espa√±ol
190796,9.84159e+17,renataruizzg,2018-04-11T19:58:05.000Z,Acabo de tener una pelea con mi mam√° porque est√° en contra del aborto y no s√© qu√© pensar,20.941035,-89.623611,negativo,Espa√±ol
191540,9.83971e+17,wdewrandee,2018-04-11T07:33:39.000Z,@IanLuuna Pelea de memes provincianos. https://t.co/EDFrFo4BpY,20.941035,-89.623611,neutro,Espa√±ol
194120,9.83518e+17,Angel_angulo90,2018-04-10T01:31:57.000Z,Video in√©dito de la famosa pelea ‚ÄúRocky‚Äù vs ‚ÄúApollo‚Äù https://t.co/bp4w1ksGpU #LoViEnUnoTV v√≠a @UnoNoticias,20.941035,-89.623611,positivo,Espa√±ol
196769,9.83046e+17,alekaremy,2018-04-08T18:16:06.000Z,"Pelear con mi novio me pone muy triste, pero al final siempre logramos resolverlo y eso me hace extra feliz amiguitos, se los juroüòç",20.941035,-89.623611,positivo,Espa√±ol
196987,9.83005e+17,RaulSalas9,2018-04-08T15:35:17.000Z,Escucho a mis vecinos (una pareja de 3 a√±os de casados) y me dan menos ganas de casarme. Por qu√© si se quieren tanto pelean tanto. Mejor cada quien en su casa. ü§üüèΩ,20.941035,-89.623611,positivo,Espa√±ol
197260,9.82889e+17,LiliaCarmina,2018-04-08T07:53:53.000Z,"Tantos meses sin ver mi box y ahora me encuentro con esto. Qu√© pelea tan mala, la verdad, Carlitos. #SomosBox #TeHaceFaltaVerM√°sBax https://t.co/Eyw08TiY3A",20.941035,-89.623611,negativo,Espa√±ol
197402,9.82856e+17,gmlestat02,2018-04-08T05:43:28.000Z,"Hay que reconocer una vez m√°s el fracaso. Si no ganamos de local ni un partido no hay como pretender calificar. Acaso era resignaci√≥n en vez de alineaci√≥n? Qu√© triste fue darse por vencidos sin pelear, no cabe duda que fue mejor no calificar que rid√≠culo hubiera sido",20.941035,-89.623611,positivo,Espa√±ol
197702,9.82814e+17,MaritteMunoz,2018-04-08T02:53:21.000Z,"Bastante ordinaria para contestar, estoy de acuerdo que Natacha no deb√≠a nombrar a la hija de Rial, ya que la pelea era con el padre, pero la piba no estuvo correcta, t√≠pica mala educada, y no hay que escupir para arriba porque te cae en la cara con el tiempo https://t.co/Kr9CWN82nt",20.941035,-89.623611,negativo,Espa√±ol
198302,9.8271e+17,tefapalomino,2018-04-07T20:00:27.000Z,@aleelort Ojal√° que en vez de pelear me des amor y me digas que me vas a ver,20.941035,-89.623611,negativo,Espa√±ol
198657,9.82649e+17,KarimiGalera,2018-04-07T16:00:43.000Z,"""Tu tienes que casarte con qui√©n te de menos hueva pelearte, porque si ya lo vas a estar haciendo todo el tiempo m√≠nimo divi√©rtete"" Sof√≠a Ni√±o de Rivera",20.3662795,-89.575542,positivo,Espa√±ol
201053,9.82097e+17,OswaldGeminiMX,2018-04-06T03:25:48.000Z,"¬øHabr√° pelea en #WrestleMania34 ?üòÆüòÆüòÆ
¬ø @verockstar vs @jimenaofficial ?üò±üò±üò±
#MisteriosSinResolver üòÑüòÇ https://t.co/LFCHK8ESnF",20.941035,-89.623611,neutro,Noruego
202919,9.81743e+17,danteomana,2018-04-05T03:58:30.000Z,"@jerilve @chente_america @chelocanto No mi estimado Jes√∫s, ya ha programado pelea e√± ""pacman"".",20.941035,-89.623611,neutro,Portugu√©s
203154,9.81717e+17,chelocanto,2018-04-05T02:15:03.000Z,"No Jes√∫s, Manny Pacquiao pelear√° vs Lucas Matthysse el 15 de Julio en Malasia por el t√≠tulo Mundial Welter de la AMB. https://t.co/IFZNLz4vGv",20.941035,-89.623611,positivo,Espa√±ol
203373,9.81679e+17,LaloGraniel,2018-04-04T23:45:07.000Z,No hay peleas pendejas solo pendejos que pelean.,20.941035,-89.623611,negativo,Espa√±ol
204284,9.81531e+17,Pathitho,2018-04-04T13:57:37.000Z,Esa emoci√≥n que sientes al levantarte y saber que so√±aste con @haashoficial y por fin las abrazaste  aunque sea solo en sue√±os üíîüò¢ Las amo!!!! Hasta ahora no se porque peleaban x un microondas jajajajaja pero #NoPasaNada,20.941035,-89.623611,positivo,Espa√±ol
204779,9.8137e+17,_saraalarcon,2018-04-04T03:17:51.000Z,@Alan_Rgp Tu no peleas heavy jaja,20.941035,-89.623611,positivo,Finland√©s
204939,9.81348e+17,_saraalarcon,2018-04-04T01:50:29.000Z,"@noepinales @_attraver @pin3appl3princ3 @Meli_TheLucky1 @MenaTriayJ @DebbieOrtizm No es por eso, equisss igual no quiero pelear por alguien que no conozco, la respeto y todo lo que ha hecho, simplemente no me cae bien por diversas razones, tampoco soy muy",20.941035,-89.623611,neutro,Portugu√©s
206315,9.81143e+17,Aditss19,2018-04-03T12:13:05.000Z,"Que puto pedo con querer pelear a las 6:30 de la puta ma√±ana, no tengan hermanas, son lo peorrrrrr. üò°",20.941035,-89.623611,negativo,Espa√±ol
206871,9.81008e+17,FridaValdez5,2018-04-03T03:19:20.000Z,"Creo que se nos fue de las manos. Te odio te amo, rompemos, follamos, me quedo, nos vamos, peleamos peleamos, volvemos, cenamos, peleamos peleamos.",20.941035,-89.623611,positivo,Espa√±ol
207396,9.80935e+17,ismaelcuevaasz,2018-04-02T22:26:35.000Z,@GarzaaJr @Sexydulceg Con quien peleas mi Garza? Que paso con Zack Sabre Jr? Por que el huerco borro su tuit? Neta te vas a la WWE? Se va a hacer o no se va hacer la carnitaa asadaaaa?... :v,20.941035,-89.623611,neutro,Espa√±ol
208330,9.80688e+17,fatimavc_,2018-04-02T06:05:11.000Z,¬øPorqu√© a mi nunca me peleaste as√≠? üôÑüòû,20.941035,-89.623611,negativo,Portugu√©s
209582,9.80528e+17,AvoidingBugs,2018-04-01T19:32:34.000Z,"Ahora en Twitter ya no pelea por rts o likes, ahora es por quien tiene la √∫ltima palabra o ""raz√≥n"".",20.941035,-89.623611,neutro,Espa√±ol
209947,9.80476e+17,GmelRodriguez,2018-04-01T16:04:35.000Z,"Ira morra, saquese alv! @Cruz_Azul_FC @icruzazul @LealtadAzul @VamosCAzul  @lacruzazul  @azulismo @AzulDePelea @neto_azul @icruzazul @FuerzaAzulFc  @TeamMovAzul @VivePasionAzul https://t.co/5Ppsm06QjI",20.941035,-89.623611,neutro,Catal√°n
210394,9.80328e+17,OswaldGeminiMX,2018-04-01T06:15:30.000Z,"@OswGemSports @TMFCoficial @CA_Zacatepec @ChristellePatt @Patottas @CapsNarrador @Mariazelzel @marisolglzz @barbaraig @jimenaofficial @MC_deportes @CarlosYustisTV @MarcoCortes_19 @vane_vera32 @SoyCantuGIIner üö®IMPORTANTEüö®
De los 8 equipos que pelearÔøΩ",20.941035,-89.623611,neutro,Indeterminado
211987,9.80016e+17,iPerryAguayo,2018-03-31T09:35:58.000Z,"S√≠ extra√±o cuando mi apa y ama contaban sus historias de amor y ver que a pesar de los a√±os,las peleas y problemas,ellos se miraban con tanto amor...",20.941035,-89.623611,positivo,Espa√±ol
214620,9.7948e+17,JennyfferrMarfi,2018-03-29T22:06:21.000Z,@omar_chacho ¬øYa comenzo la pelea de este a√±o?,20.5580215,-88.085541,positivo,Espa√±ol
216372,9.79137e+17,csoberanis7,2018-03-28T23:22:52.000Z,Tengo dos amigos cin√©filos tuiteros que sestanpeleando pero no s√© si es real o fake üòìüòî,20.941035,-89.623611,neutro,Portugu√©s
216820,9.79051e+17,raual_r94,2018-03-28T17:41:59.000Z,@Oscarnunez95 @DiazEM19 Verlos pelear es como ver pelear a dos paredes,20.941035,-89.623611,neutro,Espa√±ol
217726,9.78835e+17,ralvachi,2018-03-28T03:23:33.000Z,@rogeriocastrova Ya deja de pelearte con todo mundo! Aplica la de #AMLOve: serenidad y pajienjia :v,20.941035,-89.623611,positivo,Espa√±ol
217990,9.78805e+17,AlejandraSts,2018-03-28T01:25:36.000Z,Y hoy que mi d√≠a estuvo de la vg quisiera no estar peleando y contarle todo.,20.941035,-89.623611,negativo,Espa√±ol
218857,9.78662e+17,GmelRodriguez,2018-03-27T15:55:41.000Z,A los mejores humanos les pasa. A los que pelean y luchan por la adversidad. Las pruebas mas grandes son para aquellos titanes. Esto no sera nada. @ObesoGalactico,20.843959,-89.7710925,positivo,Espa√±ol
219642,9.78456e+17,LMondragon83,2018-03-27T02:19:30.000Z,Grande negro peleaste como siempre @IsaacTerrazas02 abrazo cabron! ‚úîüëäü§ùüëç @reto4elementos,20.941035,-89.623611,positivo,Espa√±ol
219894,9.78416e+17,AngelViPa2804,2018-03-26T23:40:37.000Z,"Me he dado cuenta, que las familias se unen o se pelean m√°s cuando un familiar de ellos, se encuentra enfermo ü§í",20.941035,-89.623611,negativo,Espa√±ol
220394,9.78327e+17,jorginhofarrera,2018-03-26T17:46:41.000Z,"El pediatra peleando con un ni√±o sobre un meteorito y los dinosaurios, lo mejor que he visto en el d√≠a....",20.941035,-89.623611,positivo,Espa√±ol
220670,9.78254e+17,gabysanson,2018-03-26T12:53:47.000Z,"‚ÄúAqu√≠ se pelean por no hacer nada‚Äù Seguramente lo dijo por uno que otro MIP ü§∑üèª‚Äç‚ôÄÔ∏è (@ Hospital Materno Infantil in Merida, Yucat√°n) https://t.co/HM0CIupLfq",20.9627253,-89.6172442,negativo,Espa√±ol
221840,9.7799e+17,ismaelcuevaasz,2018-03-25T19:27:34.000Z,@Lolweapon Peleas m√°s √©picas del Anime Rubius vs Kala Dios besto cross,20.941035,-89.623611,positivo,Espa√±ol
222205,9.77923e+17,sergio_suarez,2018-03-25T14:59:29.000Z,Muy padre evento #carreraapi2018 10k dif√≠ciles pero bien peleados y‚Ä¶ https://t.co/2dLhmLSrYa,21.2833,-89.6667,positivo,Espa√±ol
222240,9.77914e+17,AdrianaMurillo,2018-03-25T14:24:30.000Z,Pelea entre Iguanas üêä en Animaya Zoo Park https://t.co/pOFyX0VoJY,20.98294342,-89.69103434,neutro,Espa√±ol
222986,9.7763e+17,JosePiorodrigu3,2018-03-24T19:35:24.000Z,@joserra_espn Si lozano trae un nivel de violencia encambronada que no puede con ella por todo pelea si no quieren que lo toquen que se dedique a jugar sus mu√±ecas,20.9232375,-90.276356,negativo,Espa√±ol
223530,9.77528e+17,PaulaFuchok,2018-03-24T12:51:51.000Z,De puro milagro no estoy gorda de todo lo que me trago por no iniciar una pelea.,20.941035,-89.623611,negativo,Espa√±ol
224092,9.77378e+17,RodrigoCorona,2018-03-24T02:54:28.000Z,"@venadosfc gana, ahora solo espera que @TMFCoficial no sume para seguir en la pelea a la Liguilla que luce complicada https://t.co/stZ9wLxcWX",20.941035,-89.623611,positivo,Espa√±ol
226964,9.76815e+17,slizamas,2018-03-22T13:36:40.000Z,"@CarlosLoret , Buen d√≠a Carlos. El chavo encuestador est√° fuera de lugar, atac√≥ directo a Anaya diciendo: ""que pelear√° el 4o con MZV y al Bronco: ""mejor que est√© en la boleta para que no regrese a NL"",  no ayuda a encuestadoras serias. Saludos desde ",20.941035,-89.623611,positivo,Espa√±ol
227382,9.76672e+17,AlexAraujoM_,2018-03-22T04:07:21.000Z,"Y pensar que este semestre estoy peleando por no bajar el promedio de 90 (de s√≥lo este semestre), no saben lo bien que se siente y lo mucho que le agradezco a @olruizp que tiene gran parte de participaci√≥n en esto.",20.843959,-89.7710925,negativo,Espa√±ol
227486,9.76656e+17,raual_r94,2018-03-22T03:05:11.000Z,Cuando en el grupo de la fam se ponen a pelear de pol√≠tica... üòåüò¥,20.941035,-89.623611,neutro,Espa√±ol
227494,9.76654e+17,gerardor11,2018-03-22T02:58:38.000Z,"@GDELAGUERRA M√©xico es un pa√≠s que vive un estado  de entumecimiento, por tanta corrupci√≥n, eso es lo preocupante. No se hace nada, los pol√≠ticos cada vez m√°s c√≠nicos y nada los toca, se podr√°n pelear, pero nunca se har√°n da√±o.",20.941035,-89.623611,negativo,Espa√±ol
228198,9.76542e+17,cpaolapeniche,2018-03-21T19:32:26.000Z,"Me acabo de pelear con un wey manejando, le dio un manazo a mi carro porque le gan√© el lugar en el carril izquierdo, so, lo segu√≠ y le grit√©, y as√≠ mi d√≠a",20.941035,-89.623611,positivo,Espa√±ol
228799,9.76415e+17,FelipeUs_,2018-03-21T11:08:21.000Z,"#NowPlaying Some Unholy War de Amy Winehouse ""Si mi hombre est√° peleando en una guerra atroz, me rehuso a dejarlo"" 
https://t.co/Xdf5tJGzy8 https://t.co/kUCQlqAIwU",20.941035,-89.623611,positivo,Ingl√©s
232891,9.75575e+17,ESTORMTRUPER,2018-03-19T03:31:07.000Z,"No est√°s peleando contra Morrissey, est√°s defendiendo a Amandititita.",20.941035,-89.623611,positivo,Portugu√©s
234719,9.75201e+17,Marijayrocker,2018-03-18T02:43:58.000Z,"Y hoy en serio me pusieron de malas el hecho de que me despertaran mis padres porque se peleaban para que una camisola este planchada.
Que horror parecian ni√±os
Ya ven por eso no tengo pareja pa soportar pleitos. Saquese!!!",20.941035,-89.623611,negativo,Espa√±ol
239846,9.74125e+17,JesusBrito2112,2018-03-15T03:28:26.000Z,"Adoro cuando en los equipos de tareas se empiezan a pelear y t√∫ solo lees los mensajes, es lo mejor de la vida.",20.941035,-89.623611,positivo,Espa√±ol
244610,9.73262e+17,susanarosndo,2018-03-12T18:19:05.000Z,"Los abuelitos duran mil a√±os de casados pq ellos no tienen peleas pendejas de pq le dio like a otra, a quien le dedica sus tweets, pq lo deja en seen, etc. Yo quiero un amor en tiempos de abuelitos",20.941035,-89.623611,negativo,Espa√±ol
244634,9.73258e+17,ferpeniche96,2018-03-12T18:02:55.000Z,"""Peleaste, amaste y perdiste.""",20.941035,-89.623611,negativo,Espa√±ol
246535,9.72906e+17,angeldariovs11,2018-03-11T18:45:08.000Z,"@_AyBarbie @ani2847 Si t√∫ peleas a un feo no tienes derecho a opinar, bye",20.941035,-89.623611,neutro,Espa√±ol
250342,9.72033e+17,ReginaArroyo,2018-03-09T08:56:24.000Z,Me estresan los ni√±os que tratan de  pelear con nosotras el 8m ¬°c√°llense y √∫nanse!,20.941035,-89.623611,negativo,Espa√±ol
250479,9.71988e+17,EnamoradosConLu,2018-03-09T05:55:10.000Z,El porte la Elencia y el Talento no est√°n peleadas!!! Y tu @LuceroMexico eres todo en conjunto perfecci√≥n üëåüèª #Necesitaria https://t.co/e2YPUW3cFh,21.0718315,-90.0317245,positivo,Espa√±ol
251415,9.71864e+17,Hawk___,2018-03-08T21:44:52.000Z,¬°Pelea de chilangos por un lugar en el metro! https://t.co/EHNBxgIbx8,20.941035,-89.623611,positivo,Espa√±ol
252270,9.7173e+17,_Shadiia_,2018-03-08T12:52:57.000Z,"¬øNo les pasa que si pelean mucho con una persona, van perdiendo el inter√©s hac√≠a ella?",20.941035,-89.623611,negativo,Espa√±ol
252795,9.71588e+17,MateoGOGUI,2018-03-08T03:28:06.000Z,"Macky a la final. TE AMOOOOO MACKY. Cuando todos pensaron que dos del equipo azul terminar√≠an pronto su camino, ustedes nunca dejaron de pelear. Gracias #Contendientes por regalarnos √©stos momentos. MACKYYYYY! #SoyExatl√≥n #Exatl√≥nMx #Exatl√≥n",20.941035,-89.623611,positivo,Espa√±ol
253711,9.71451e+17,Hawk___,2018-03-07T18:22:50.000Z,"¬°Pelea, pelea, pelea!
*Le avienta un ü•ñ* https://t.co/johNHdoVFK",20.941035,-89.623611,neutro,Rumano
254543,9.71253e+17,PawaHatesYou,2018-03-07T05:14:11.000Z,Estoy HARTA de la morrita que se pelea por fb con su novio TODOS LOS D√çAS...,20.941035,-89.623611,negativo,Espa√±ol
255032,9.71185e+17,alcarazalfredo3,2018-03-07T00:43:32.000Z,"@MovimientoMEADE @JoseAMeadeK @ErnestoNemer Su campa√±a, se est√° hundiendo ahora esta peleando por el cuarto puesto de preferencias con @Mzavalagc, Meado es un Candidato mosca muerta, que quiere hacernos creer que no particip√≥ en la corrupci√≥n del Sexe",20.941035,-89.623611,positivo,Espa√±ol
256647,9.70862e+17,Sellyplata,2018-03-06T03:20:20.000Z,Es real cuando ves en las pel√≠culas que las parejas se pelean por cosas tontas sobre la boda. Y eso que est√° es peque√±a y por el civil. Imag√≠nense la religiosa üôçüèΩ‚Äç‚ôÄÔ∏èü§¶üèΩ‚Äç‚ôÄÔ∏è.,20.941035,-89.623611,neutro,Espa√±ol
257754,9.70673e+17,marianazepeda,2018-03-05T14:52:47.000Z,Tranquilxs. El feminismo no est√° peleado con sus gustos.,20.941035,-89.623611,neutro,Espa√±ol
258790,9.70485e+17,vantocanto,2018-03-05T02:25:42.000Z,Que horrible pelea La parka #ReydeReyes,20.941035,-89.623611,negativo,Espa√±ol
260606,9.70137e+17,jorginhofarrera,2018-03-04T03:22:16.000Z,Toda pelea ser√° a traici√≥n,20.941035,-89.623611,negativo,Portugu√©s
261410,9.70019e+17,Cindynorris_,2018-03-03T19:33:11.000Z,se pelean y pasan la noche en los separos üò±üòé,20.941035,-89.623611,neutro,Espa√±ol
262360,9.6978e+17,iPerryAguayo,2018-03-03T03:41:34.000Z,"Ya no quiero m√°s excusas,m√°s perd√≥n,ya no quiero peleas,ya no quiero mentiras,quiero calma,felicidad, honestidad y personas verdaderas.",20.941035,-89.623611,negativo,Espa√±ol
263852,9.69551e+17,dexter_mm,2018-03-02T12:34:16.000Z,"@1ittle_wanderer Amigos que se pelean por pol√≠tica, m√∫sica, memes, ya me cans√© de leer tanta negatividad. Tengo suficiente con Twitter ü§î",20.941035,-89.623611,negativo,Espa√±ol
264046,9.6945e+17,fatiblanquito,2018-03-02T05:49:50.000Z,@kpfierros Con quien no te peleas coraz√≥n? https://t.co/5E2Qf3ISm2,20.941035,-89.623611,neutro,Espa√±ol
266032,9.69096e+17,JoseTomas_4,2018-03-01T06:23:04.000Z,"Ptm, primera vez que trato de no pelear en un partido y me expulsan por separar a jugadores y aparte me dan 4 partidos de suspensi√≥n, me haces el hijueputa favor !",21.22812,-89.6748995,negativo,Espa√±ol
268626,9.68655e+17,CinPalavicini,2018-02-28T01:11:12.000Z,"Pelear los cr√©ditos es mi especialidad, esto queda porque queda!!",20.941035,-89.623611,positivo,Espa√±ol
269671,9.68477e+17,PintoReynaldo,2018-02-27T13:24:56.000Z,#DespiertaConLoret por qu√© se pelean? ambos son iguales ! Si ya sabemos quien va a ganar üëçüèª,20.915111,-89.531494,positivo,Espa√±ol
273074,9.6779e+17,PawaHatesYou,2018-02-25T15:56:33.000Z,*Se pelea en todas las p√°ginas de facebook*,20.941035,-89.623611,neutro,Espa√±ol
273452,9.67638e+17,HelSACritter,2018-02-25T05:49:45.000Z,@ElPulpomo No mamar pulpi deus para que te le√≠ si estaba buena la pelea ojal√° el lunes vayas a trabajar con la mordida de tu pastelito verde!üòÇüòÇ saludos,21.2583735,-87.8252875,negativo,Espa√±ol
273508,9.67629e+17,JORGEMILHE,2018-02-25T05:15:26.000Z,"Se los dec√≠a...Srisaket es dur√≠simo, Estrada merece la revancha. Tremenda pelea. https://t.co/n43SzznSPx",20.941035,-89.623611,positivo,Espa√±ol
273530,9.67627e+17,JORGEMILHE,2018-02-25T05:08:13.000Z,"Estrada cierra de forma valiente y convincente, muy bien el mexicano. Sri saket es dur√≠simo. A las tarjetas...que gran pelea!!",20.941035,-89.623611,positivo,Espa√±ol
273548,9.67624e+17,JORGEMILHE,2018-02-25T04:56:28.000Z,"Srisaket es un peleador dur√≠simo, aguanta y pega muy fuerte, Estrada ha recibido mucho castigo...tiene que cerrar a tope el mexicano. Veo al tailand√©s ganando.",20.941035,-89.623611,negativo,Espa√±ol
274913,9.67411e+17,OscarMonsMe,2018-02-24T14:48:34.000Z,Es hora de pelear,20.941035,-89.623611,positivo,Espa√±ol
275529,9.6724e+17,KevinGalanR,2018-02-24T03:27:31.000Z,"No somos la pareja perfecta, a veces peleamos inclusive nos enojamos pero la verdad es que hoy por hoy no hay otra persona en el mundo con la que preferir√≠a estar que contigo.",20.941035,-89.623611,positivo,Espa√±ol
275984,9.67181e+17,M_IsForMaria,2018-02-23T23:33:38.000Z,"Un cliente se meti√≥ de ahuevo en la pl√°tica con mis compa√±eros contradiciendo lo que estoy diciendo y yo volte√© as√≠ de ""A VER HIJO DE TU PTM QUIERES PELEAAAAAY WOW HOLA PELEAR PERO SIN ROPA PASE POR AQU√ç JOVEN"".",20.941035,-89.623611,positivo,Espa√±ol
279357,9.66524e+17,paxtonhernan,2018-02-22T04:05:39.000Z,Ya me estoy peleando con mormones de M√©xico en Facebook . Est√°n igualitos que acr√≥batas mentales tipo el Atoles.,20.95,-89.68,negativo,Espa√±ol
279731,9.66475e+17,jocelyneoficial,2018-02-22T00:49:20.000Z,"En el fondo de su coraz√≥n no as√≠ es y diciendo indirectas sutiles de que una mujer no olvida lo que le han hecho e im√°genes para que lo vea la pareja, yo digo que ante esa situaci√≥n es muy cansado retomar la falta y por cualquier pelea o discusi√≥n te recuerdan la falta cuando...",20.941035,-89.623611,neutro,Espa√±ol
280354,9.66384e+17,IrvinPJ,2018-02-21T18:49:14.000Z,"Ya me pusieron a entregar requerimientos de auditor√≠a externa, hora de pelear con esos prros. ü§™",20.941035,-89.623611,negativo,Espa√±ol
280470,9.66364e+17,_saraalarcon,2018-02-21T17:30:16.000Z,Tengo ganas de ir en shorts a la universidad pero una vez mi coordinadora rega√±o a una compa√±era por ir con shorts y hoy neta no tengo ganas de pelear con nadie. #dilemasdelavida,20.941035,-89.623611,positivo,Espa√±ol
281856,9.66082e+17,elomarcastillo,2018-02-20T22:45:53.000Z,"Hoy viendo los videos de corderos, vi como uno se estaba peleando con un poste.

As√≠ de raros son cuando no perciben humanos",20.941035,-89.623611,neutro,Espa√±ol
283519,9.65768e+17,Andreabaasto,2018-02-20T01:58:35.000Z,"Me siento emputada como si estuviera peleando con mi novio de 1 a√±o, ya saben ?",20.941035,-89.623611,negativo,Espa√±ol
284929,9.65443e+17,CinPalavicini,2018-02-19T04:30:14.000Z,Pelear con las hormigas a esta hora no es de Dios ü§¶üèº‚Äç‚ôÄÔ∏è,20.941035,-89.623611,negativo,Espa√±ol
285258,9.65414e+17,EVallejos91,2018-02-19T02:32:47.000Z,Fin de semana en casa pero con peleas,20.941035,-89.623611,positivo,Espa√±ol
289765,9.64498e+17,somewhere_tw,2018-02-16T13:52:34.000Z,"Es sorprendente el odio que se vive al manifestarse a favor o en contra de alg√∫n candidato, tambi√©n es sorprendente que todos ladramos, insultamos y peleamos pero NADIE hacemos nada, as√≠ nos quieren, bien divididos y apendejados... #Voto2018",20.941035,-89.623611,negativo,Espa√±ol
290333,9.64344e+17,Medicenzally,2018-02-16T03:42:51.000Z,"Es normal seguir peleando con tu ex despu√©s de dos a√±os, es pregunta ser√≠a.",20.941035,-89.623611,neutro,Portugu√©s
290339,9.64343e+17,NhancyVolkova,2018-02-16T03:38:52.000Z,La peor parte de una pelea es cuando de un lado se expresa verbalmente  lo que molesta y obtiene como respuesta el silencio y la indignaci√≥n de la otra parte.,20.941035,-89.623611,negativo,Espa√±ol
290484,9.64327e+17,JesusBrito2112,2018-02-16T02:36:01.000Z,@AndreaArroyoS Pelea de novios be like.,20.941035,-89.623611,positivo,Afrik√°ans
290652,9.64307e+17,PinoNardelliJD,2018-02-16T01:16:04.000Z,"Que bello, se vienen buenas peleas.",20.941035,-89.623611,positivo,Espa√±ol
290726,9.64298e+17,Samanthacr_,2018-02-16T00:37:14.000Z,@Yuuly_16 Deja de pelear ni√±a,20.941035,-89.623611,negativo,Espa√±ol
291320,9.64201e+17,AndresMonteroN,2018-02-15T18:13:42.000Z,@MaribethPaviaS Yo queriendo dejar de pelear.,20.941035,-89.623611,negativo,Espa√±ol
291642,9.64148e+17,keny_vale17,2018-02-15T14:41:44.000Z,La vida te regala cosas buenas y t√∫ peleando por lo que ya se fueü¶ã‚Ä¶ https://t.co/gputtTBIaK,20.98318406,-89.61837773,positivo,Espa√±ol
292220,9.6398e+17,OscarMonsMe,2018-02-15T03:36:12.000Z,"@Alan_SanchezC @AGRU3 @Chivas Nadie est√° peleando, estamos intercambiando tweets de manera civilizada jaja.
¬øYa estudiaste mem?",20.941035,-89.623611,positivo,Portugu√©s
294563,9.63591e+17,RaulAyala9,2018-02-14T01:48:11.000Z,"MT: En el Jalisco, empate a CERO entre Atlas y Necaxa, partido peleado y unos Rayos que ligeramente generaron m√°s.",20.5580215,-88.085541,positivo,Espa√±ol
297745,9.62941e+17,Hinarely,2018-02-12T06:46:18.000Z,"En mi imaginaci√≥n estamos peleando. Nos reconciliamos y te comprendo. Tus gestos con las manos, tus ojos. Se desvanecen pero no se han ido. ¬øPor qu√© no se van?... üé∂ #Letmeknow #BTS

@BTS_twt #iHeartAwards #BestFanArmy #BTSARMY",20.941035,-89.623611,positivo,Espa√±ol
300034,9.62503e+17,alandelpark,2018-02-11T01:46:04.000Z,"Ya no quiero seguir peleando, no es bueno para ambos. P√≠deme disculpas.",20.941035,-89.623611,negativo,Portugu√©s
302802,9.61818e+17,karipuigserver,2018-02-09T04:23:30.000Z,"Alguien mande ss de la pelea de grai y las jotas
Es para enterarme del chisme que llegue tarde DIGO PARA UNA TAREA",20.941035,-89.623611,positivo,Espa√±ol
303105,9.61787e+17,EVallejos91,2018-02-09T02:21:27.000Z,Como me molesta pelear por dinero,20.941035,-89.623611,negativo,Espa√±ol
303124,9.61783e+17,Yermanchim,2018-02-09T02:06:43.000Z,"#SoyExatl√≥n cuando corro a separar a mis hijos en sus peleas
#patoymati #famososteam",20.941035,-89.623611,positivo,Espa√±ol
303173,9.61778e+17,jairesparza,2018-02-09T01:45:28.000Z,"Ya me se la historia, se pelean o le dejan de hablar y vuelveeee.",20.941035,-89.623611,negativo,Espa√±ol
303181,9.61777e+17,jairesparza,2018-02-09T01:42:33.000Z,"Ya me se esta la historia, se van a pelear o le dejan de hablar y vuelveeeeee.",20.941035,-89.623611,negativo,Espa√±ol
303985,9.6166e+17,amorferraez01,2018-02-08T17:55:25.000Z,"Aqu√≠ entablando una charla con mi jefe, ‚Äú¬øcomo te dice tu novio cuando pelean?, ¬øVer√≥nica?‚Äù 
Ya no supe c√≥mo reaccionar.",20.941035,-89.623611,positivo,Espa√±ol
304096,9.61644e+17,Joseekr23,2018-02-08T16:51:14.000Z,Como cuando te peleas con un fan√°tico religioso,21.22812,-89.6748995,neutro,Espa√±ol
304839,9.61463e+17,richardilla,2018-02-08T04:55:25.000Z,Ojal√° y los dos amiguitos que est√°n a mi lado y se est√°n peleando se agarren a vergazos antes de que salgan @angelesazulesmx no voy a poder con dos shows al mismo tiempo #CarnavalM√©rida2018,20.941035,-89.623611,negativo,Espa√±ol
306078,9.61273e+17,CinPalavicini,2018-02-07T16:19:16.000Z,Es horrible soportar a estos dos compa√±eros que vienen peleando quien conoce a mas gente importante... que los bajeeennn!!,20.941035,-89.623611,negativo,Espa√±ol
308028,9.6089e+17,quiquirrin66,2018-02-06T14:58:16.000Z,"Solicito asesoria laboral. Comparto mi situaci√≥n. Me ofrece mi trabajo 50%menos sueldo. Me dicen que no es despido, es ajuste. C√≥mo puedo pelear mi liquidaci√≥n? 9 de antig√ºedad. @Book_75",20.941035,-89.623611,negativo,Espa√±ol
309301,9.60621e+17,AleSahasrara,2018-02-05T21:08:01.000Z,Siempre que veo parejas peleandose me da mucha hueva y  doy gracias que mi noviecita no es as√≠ ‚ù§Ô∏è,20.941035,-89.623611,positivo,Espa√±ol
309389,9.60607e+17,karybr23,2018-02-05T20:14:05.000Z,Me fui sin pelear y ahora estoy riendo... Verde m√°s all√° üé∂‚ù§Ô∏è,20.941035,-89.623611,positivo,Espa√±ol
310053,9.60423e+17,fernandahu,2018-02-05T08:00:54.000Z,Llegar a tu casa peda y no poder pelearte con los mosquitos,20.941035,-89.623611,negativo,Espa√±ol
312975,9.59932e+17,DanielaSinta,2018-02-03T23:31:25.000Z,Por fa ya dejen de compartir la foto de la pelea entre la pit√≥n y la cobra porque me dan miedo esos reptiles. Gracias.,20.941035,-89.623611,negativo,Espa√±ol
314041,9.59677e+17,1D4y4n4,2018-02-03T06:37:41.000Z,"Cuando te digo que te amo m√°s, no me refiero a que te amo m√°s de lo que t√∫ me amas a mi. Me refiero a que te amo m√°s que los malos d√≠as que van a llegar, te amo m√°s que cualquier pelea que vayamos a tener.",20.941035,-89.623611,positivo,Portugu√©s
314082,9.59672e+17,LMondragon83,2018-02-03T06:17:50.000Z,"Un gran triunfo ante un gran equipo, orgulloso del gran esfuerzo de mis compa√±eros seguiremos peleando! Ni tan tan ni muy muy! Nos gustar√≠a que nos acompa√±ara m√°s gente; los necesitamos! üî∞‚úãü¶åüíØüôåüèª vamos @venadosfc https://t.co/QbBWz07cpf",20.941035,-89.623611,positivo,Espa√±ol
314278,9.59644e+17,wrl85011,2018-02-03T04:24:23.000Z,"Que t√≥xico pelearse por un visto, por subir o no subir una foto, por un me gusta. Las relaciones humanas son m√°s profundas que algo que ocurre en una red social. Qu√© dif√≠cil amar en tiempos de Internet.",20.941035,-89.623611,positivo,Espa√±ol
314386,9.59627e+17,HectorCamaraD,2018-02-03T03:19:52.000Z,Acabo de pelearme con mi mam√° por qu√© no nac√≠ siendo Belinda JAJAJAJAJAJAJAJAJAJAJAJAJAJ bye,20.941035,-89.623611,positivo,Portugu√©s
317261,9.59126e+17,amelibe,2018-02-01T18:07:59.000Z,"En Cumbres Borrascosas, estan buenos los jaloneos de pelos... ¬°A pelear!... 
Seguir√© leyendo. üòú https://t.co/JMnD4oFfOa",20.941035,-89.623611,positivo,Espa√±ol
317743,9.59052e+17,ulisesortizb,2018-02-01T13:11:14.000Z,"@Raymund_G @ewintGda Eres m√°s amarra navajas, mejor sigue peleando con @GalileaMontijo &amp; @AndreaLegarreta , @ewintGda saca tu hacha y corta esas amistades. Jajajajajajjaa",20.941035,-89.623611,positivo,Espa√±ol
318168,9.58907e+17,andrea_solism14,2018-02-01T03:37:45.000Z,"Khe? Espera, yo quer√≠a pelear. üôÑ https://t.co/4bh7YmAlJt",20.941035,-89.623611,neutro,Espa√±ol
319964,9.58548e+17,maggiealc_rod,2018-01-31T03:48:43.000Z,Esas son ganas de pelear.,21.22812,-89.6748995,positivo,Espa√±ol
320048,9.58537e+17,ppmagana,2018-01-31T03:05:43.000Z,Rocky IV siempre ser√° de mis pel√≠culas favoritas. Esa pelea con Ivan Drago es √©pica üëåüèº.,20.3662795,-89.575542,positivo,Espa√±ol
320050,9.58537e+17,ppmagana,2018-01-31T03:05:09.000Z,Ricky IV siempre ser√° de mis pel√≠culas favoritas. Esa pelea con Ivan Drago es √©pica üëåüèº.,20.3662795,-89.575542,positivo,Espa√±ol
320123,9.58528e+17,LegacyAzemed,2018-01-31T02:30:53.000Z,"Peleaban los Gallos, Bailaban Caballos, Tronava los Cuernos Tocaba la Banda alas 3 de la tarde en la fiesta!!!üòé https://t.co/kkaH2NU5XP",20.941035,-89.623611,positivo,Espa√±ol
320215,9.58514e+17,GloMRom,2018-01-31T01:35:38.000Z,Yo peleando con PelusoPro y resulta que se cay√≥ #Infinitum que pinche horror,20.941035,-89.623611,negativo,Espa√±ol
320369,9.58493e+17,lunadaniiel,2018-01-31T00:11:38.000Z,Que miserable te ves peleandote con tu novia en el gym,20.941035,-89.623611,positivo,Espa√±ol
320373,9.58492e+17,tony_vargaz,2018-01-31T00:08:52.000Z,"Echarse una pelea de memes con mis hermanas a larga distancia, como buena familia millennial.",20.941035,-89.623611,positivo,Espa√±ol
320527,9.58468e+17,aphril_pf,2018-01-30T22:31:20.000Z,"PENS√â QUE ERA MI INTERNET
ya iba a llamar para pelearme con Telmex jejeje https://t.co/tv1NKTWlys",20.941035,-89.623611,negativo,Espa√±ol
322532,9.58126e+17,LaRevistaP,2018-01-29T23:52:45.000Z,"@goldenboy confirm√≥ esta tarde que la segunda pelea entre los boxeadores @Canelo y @GGGBoxing se realizar√° el pr√≥ximo 5 de mayo, y servir√° para definir a un ganador despu√©s de que ambos se llevaran un empate en septiembre pasado. La sede ser√° dada a",20.941035,-89.623611,positivo,Espa√±ol
322676,9.581e+17,Wen_CR7love,2018-01-29T22:11:50.000Z,Sepan que no soy su distracci√≥n cuando se pelean con la novia,20.941035,-89.623611,negativo,Espa√±ol
324945,9.5768e+17,GmelRodriguez,2018-01-28T18:20:58.000Z,"@o2cast_trujillo Comenc√© mortal kombat X, en modo historia. Quise que inicie con otro peleador. Luego entend√≠ la jugada y avance un poco. Gracias por la aclaraci√≥n :)",20.941035,-89.623611,neutro,Espa√±ol
326233,9.57377e+17,johannaparedes,2018-01-27T22:19:11.000Z,Existe algo peor que estar en medio de una pelea enojada y me haga sonre√≠r üò®ü§Ø,20.941035,-89.623611,negativo,Espa√±ol
328781,9.56916e+17,reginacmoreno,2018-01-26T15:45:11.000Z,9:45 y mi mam√° y hermana ya est√°n peleando ü§¶üèª‚Äç‚ôÄÔ∏è,20.941035,-89.623611,neutro,Espa√±ol
329950,9.56675e+17,tilin58,2018-01-25T23:48:24.000Z,"@juansotoivars Es que los muertos sirven de m√°rtires para las causas, pero adem√°s todos, todos son igualitos, solo hay democracia cuando la pelean, cuando ya est√°n en el poder se perpet√∫an en el poder por el bien de la gente...",20.941035,-89.623611,neutro,Espa√±ol
334389,9.55881e+17,polomega_,2018-01-23T19:11:50.000Z,"@Parejanu3va Riquisina, dando pelea",20.941035,-89.623611,positivo,Portugu√©s
334670,9.55839e+17,joseeivan,2018-01-23T16:27:01.000Z,"JAJAJAJAJA que divertidas son las ""peleas"" entre ""youtubers"". https://t.co/xxlowA722l",20.941035,-89.623611,positivo,Espa√±ol
336426,9.55511e+17,cpaolapeniche,2018-01-22T18:43:37.000Z,‚ÄòNo tienes que pelear porque te amen‚Äô,20.941035,-89.623611,neutro,Espa√±ol
336608,9.5548e+17,GonzaEGC,2018-01-22T16:37:38.000Z,"Estamos hablando de, lo que pelea el puesto por ser mi pel√≠cula favorita ‚ô•Ô∏è 
https://t.co/MErKtZPpsa",20.941035,-89.623611,positivo,Espa√±ol
339170,9.54947e+17,mitsuoteyer,2018-01-21T05:20:33.000Z,Y si dio tiempo para la pelea üòç la compa√±√≠a exacta y precisa‚Ä¶ https://t.co/otcLGJlA9G,20.98939,-89.57666,positivo,Espa√±ol
343357,9.54175e+17,karlaosorio,2018-01-19T02:13:34.000Z,@Maratruchis Hola!!! Hace mucho q no veo tus peleas twitteras ni me cuentas nada üôÅ,21.165214,-89.070409,negativo,Espa√±ol
343994,9.54075e+17,merci_bm,2018-01-18T19:36:13.000Z,Mi mam√° es un chiste peleando con ‚Äúla del waze‚Äù,20.941035,-89.623611,positivo,Espa√±ol
345284,9.53813e+17,RonaldRojasRR,2018-01-18T02:14:56.000Z,@mitodona Pero que Afflalo se busque pelea para ganar,20.941035,-89.623611,positivo,Espa√±ol
345428,9.53794e+17,danteomana,2018-01-18T00:57:59.000Z,"Me dicen que la gente de Cristian Mijares ped√≠a pelear en un hotel de Canc√∫n,por intereses de sus representantes,cuando a todas luces tiene mas capacidad la plaza de toros.En todo caso el que manda es el actual campe√≥n Miguel ""Alacr√°n"" Berchelt.Parece que el rival ser√° argentino",20.941035,-89.623611,positivo,Espa√±ol
345992,9.53706e+17,chelocanto,2018-01-17T19:11:20.000Z,Oficial: Cristian Mijares NO pelear√° ante @AlacranBerchelt el pr√≥ximo 10 de Febrero en Canc√∫n; absoluta falta de respeto del duranguense a poco m√°s de tres semanas de la contienda; dif√≠cilmente se le vuelva a presentar una oportunidad por un t√≠tulo mundial,20.941035,-89.623611,positivo,Espa√±ol
346077,9.53687e+17,Jose_Guzman_jr,2018-01-17T17:55:34.000Z,Cuando uno no quiere dos no pelean........,20.941035,-89.623611,negativo,Portugu√©s
347797,9.53348e+17,BrandonPerera_,2018-01-16T19:26:54.000Z,Agradezco aquellos momentos cuando decido callarme y evitar peleas.,20.941035,-89.623611,positivo,Espa√±ol
350535,9.52764e+17,migueel_bojo,2018-01-15T04:46:49.000Z,"Si el cerebro y el coraz√≥n se pelean, escucha al coraz√≥n",20.941035,-89.623611,positivo,Espa√±ol
352232,9.5242e+17,Muxa_muxa,2018-01-14T06:01:23.000Z,La resi de cirug√≠a buen pedo que no se peleaba con nadie. üíï https://t.co/8i6NupBccI,20.941035,-89.623611,positivo,Espa√±ol
352625,9.52375e+17,AlbertoMunoz,2018-01-14T03:02:21.000Z,En la peda @FelipeCalderon sigue peleando con Ch√°vez. üòÇüòÇüòÇ https://t.co/2gN6HXAtrM,20.941035,-89.623611,positivo,Espa√±ol
353448,9.52254e+17,somewhere_tw,2018-01-13T19:00:43.000Z,Qu√© ganas de la gente de pelear... #TengoHartasGanasD #felizs√°bado,20.941035,-89.623611,positivo,Espa√±ol
353987,9.52079e+17,marianaeparedes,2018-01-13T07:26:44.000Z,La neta no est√° cool que una relaci√≥n se base en pura pelea,20.941035,-89.623611,negativo,Espa√±ol
355615,9.51615e+17,AlcarazAlfredo2,2018-01-12T00:39:34.000Z,"https://t.co/9j1cXSuobG
Get World Newspapers for free - es cierto los de gobierno son miedosos dejan que el PejeAsno y Corral los ataque, deber√≠an aprender de Trump que no se deja, pelea y responde ataques, es Pe√±a maricon? Lo parece.. 
https://t.co/idh7Vpn9A4",20.941035,-89.623611,positivo,Espa√±ol
358992,9.50931e+17,izakjg,2018-01-10T03:25:10.000Z,"Estoy peleando desde hace tres horas con mi laptop, por ende en esta ocasi√≥n no sent√≠ nada. Espero todos est√©n bien. #PrayForHonduras...",20.941035,-89.623611,positivo,Espa√±ol
359910,9.50788e+17,JezHdez,2018-01-09T17:55:14.000Z,"Les juro que siempre amanezco con la intenci√≥n de no pelear o molestarme, pero estos servidores p√∫blicos est√∫pidos, no me ayudan nunca.",21.22812,-89.6748995,negativo,Espa√±ol
362102,9.5036e+17,Tav0Ibarra,2018-01-08T13:33:20.000Z,Pelear con un seguidor de AMLO es como pelear con un cristiano fundamentalista.,20.941035,-89.623611,positivo,Espa√±ol
364453,9.49873e+17,151_999,2018-01-07T05:19:02.000Z,"@ParejasCursisEs SE HUMILDE Y ACEPTAR TUS ERRORES NENES COMO ALGUNOS DE LOS PECADOS CAPITALES Y M√ÅS A TRAV√âS DE LA MARIGUANA EN. FEMENINO COMO LA GULA SEXUAL, LA EN VIDA, EL EGO√çSMO, NO SE PUED E PELEAR CON ALGO QUE ESTA FUERA DE TU IMAGINACI√ìN O SEA ",21.22812,-89.6748995,neutro,Ingl√©s
365942,9.49683e+17,raual_r94,2018-01-06T16:43:03.000Z,Gente tratando de hacer bien su trabajo y do√±as peleandose en la fila...,20.941035,-89.623611,negativo,Espa√±ol
366880,9.49464e+17,estudioderecha,2018-01-06T02:12:13.000Z,"@MilagroAguerre @juanoflyer Hace rato decid√≠ q aunq la enfermedad gane la batalla final le voy a dar pelea, gracias a eso hace 6 a√±os q estoy en remisi√≥n,aun lidio  c/las secuelas (a veces no muy bien) Pero eso no me impide tratar de hacer todo lo q pu",20.941035,-89.623611,positivo,Espa√±ol
367136,9.49429e+17,Arturomora04,2018-01-05T23:54:06.000Z,Estar peleando con mi novia y al mismo tiempo etiquetarnos en cosas de fb es de lo mejor jajajajajajaajajajajajajajajaaja,20.941035,-89.623611,positivo,Espa√±ol
368662,9.49126e+17,rvlypa,2018-01-05T03:52:08.000Z,"A lo mejor en una nota me escribes ‚Äúadi√≥s‚Äù  a lo mejor est√°s cansado de pelear conmigo, a lo mejor me canso antes y te dejo yo y aunque dijiste que no ma√±ana puede ser si que lo pienses mejor y que #novivessinmi üé∂üé∂",20.941035,-89.623611,negativo,Espa√±ol
369133,9.49051e+17,CallMeSarai,2018-01-04T22:54:32.000Z,"Oigan vayan a regalarme un corazoncito  a mi instagram, pelease!!
Guys could you give me a little love in my Instagram picture??!! Please???? https://t.co/bleGj3LOmD",20.941035,-89.623611,positivo,Ingl√©s
369458,9.49003e+17,GmelRodriguez,2018-01-04T19:41:05.000Z,¬øLes gusta el Gullit Pe√±a al @Cruz_Azul_FC ? #MeHueleATranca @azulismo  @AzulDePelea @icruzazul @LealtadAzul,20.843959,-89.7710925,neutro,Catal√°n
369572,9.48986e+17,Juliannirzo,2018-01-04T18:35:59.000Z,"-¬øNO TE CANSAS DE ESCUCHAR A LANA DEL REY?
-¬øNO TE CANSAS DE ESCUCHAR A LEO DAN?
#PeleasMaternales",21.22812,-89.6748995,negativo,Ingl√©s
370162,9.48811e+17,Paucabrera_,2018-01-04T06:58:35.000Z,Soy de las que se pelean y no te hablan pero si quieren que las chiquenüôà.,20.941035,-89.623611,negativo,Espa√±ol
